condition,projection,bits,context,sample_id,block_index,n_tokens,input_sha256,labels_sha256,nll,delta_nll,kl
BF16,none,16,512,0,68,512,ae16cd2f87fc656abc0929021075a3b9ed61f3e88b34184754e7dbebd76ec193,08256215c109e87d3a72dfa0489d9857afb1e4c873b20a9855050de5b59437da,2.7769124507904053,0.0,0.0
BF16,none,16,512,1,100,512,3b744cfa8d587e08d920606f255dd1689ab24c6276571e94ed0b74be1d01de43,25713b5578546ce636ce43536d8158b6f6a73a191cc66a03ed5b11784e21cc6e,3.056786060333252,0.0,0.0
BF16,none,16,512,2,76,512,218ba9a35776a953f13e4b544faf23f37bab2530c1aa178ce5a18da6c78482be,7d3c80f663038307dc13a0f815e3778b452a435ba7d496806dbdf330ceac3ee0,2.8421363830566406,0.0,0.0
BF16,none,16,512,3,140,512,99ad214b32ceb627ad7dcd26e7c4b968490d2921509ce77b169fa235b400825c,7671c21d03fc9a4d83c7f723cfcf939130c01a6c7b3ec7823dc31d6e7263d943,2.968801975250244,0.0,0.0
BF16,none,16,512,4,44,512,bfa95e7ec878842678803ae23d2a234a823eec1ccce4b61c63bedfe94615385d,c456c6ec69e7331b0b7c013a7377a60f693e7e74eac82c3aaa340066e042521b,3.8699097633361816,0.0,0.0
BF16,none,16,512,5,20,512,0df6561709ae94fbe1d725835527b1025919ec0d4988ff7390e6b4617d148a0d,c1783a1aecf214b8e69bb00cdb61ea0e1823f8dc33e50cc8bd98e00de72b6314,2.196165084838867,0.0,0.0
BF16,none,16,512,6,63,512,cb419afdeacc3f41a32badc0ebb2d0c499e6e00d780641ce39716478df0a20e5,861412028ae1bd379cc93139160cd0d9e6758e84f6347e077159c88cd83c7061,3.6879658699035645,0.0,0.0
BF16,none,16,512,7,37,512,b8ac611453ddedc7866701f4724f89e267e033102f94cf1edc0fcef046767649,0ab46fccff21d8f4768f9458aac7ecca09d52c8a0f59b5124e1bb1c281128eb8,2.4547877311706543,0.0,0.0
BF16,none,16,512,8,142,512,3b878cc815eb2fd63fd166af88f34400e0044851af5f0199430452887354c73b,c6fc77e555e59488c7bf941f5fe2ddf1203ec29adba7ea64e262b9c61c8b3c04,2.718925714492798,0.0,0.0
BF16,none,16,512,9,54,512,c86b7db60afbc145d9762cf4ed3e9d4a646ab6beb6888ab76dfea844037ee385,d4e2357b45c895a3837df5ed504ec9c958364adcd1982e5bfdda624264699066,2.846531391143799,0.0,0.0
BF16,none,16,512,10,64,512,beaec156fbaa2cc61d2299fa20f7f0d8a42d1931fb6ef189b1b57fd78698a8bc,d7a22ad9f4026fab50e53fc63eb8fa8ff3164267a997dcdc6f31facd73d14233,3.177995443344116,0.0,0.0
BF16,none,16,512,11,82,512,a87dcf72965b9fd725594e983ccccafbff1f57504062f003d18769489fd7ea8e,3751210f5da4d56983a9edb710506df1239958a2a8a36654f223f62d48233904,2.5608012676239014,0.0,0.0
BF16,none,16,512,12,125,512,ed4bc71e91b94bde605bf581c65860792a6c1e2992d889ac41c403096d155785,f67585beb4a8cdd5b8b31e251d29a7e09279f0d0a355c4d8cd90b11071355aa5,2.5527422428131104,0.0,0.0
BF16,none,16,512,13,25,512,d6aab0a496126054e48aa051bf1bb7ff85c1707e459a1405e9fb5871a99c9d77,d24849b4be0d0b0eac3ec00e9c4cdcaf714bcd92b314cb0e6412431aae68e06f,3.256065845489502,0.0,0.0
BF16,none,16,512,14,87,512,9b1a4ade0323a3a637607e28dde6a773faa87580f3f967d3d27f581731d262eb,b978b20d5267d054cb5a6cc8bc87d71330d70eb7eaf4011398577fbb4186bc25,2.6459622383117676,0.0,0.0
BF16,none,16,512,15,18,512,19175ed1e88a1723548455982303dbb668ffa2879119aa2536679baedce70e1c,4b5642cb01e3c7fab6f171b7b5fe3e2093e064b0697dc0f6461b3cf96fee3666,2.8532466888427734,0.0,0.0
BF16,none,16,512,16,141,512,b1bb9ebc0420c60b2de6eb3d1b3dd33639e5e974c3e029df21b8de723d0050d2,c6529ade056fa5ad590f3d7b67bb5914d000d1949d0f03f6acb8286d6fee9fce,3.399684190750122,0.0,0.0
BF16,none,16,512,17,130,512,1fdab8c48d099f86ec6048f89b43db1273768c11d43cdfdb2b102316b0c90378,644effaed3d64c5d78d31ef525516b354c50545a832d818930a38404ac3a3b9f,3.0515217781066895,0.0,0.0
BF16,none,16,512,18,133,512,ce122db72e7ef3172517f7508e60b074cd0e48cffbbbbf5a6eaa07cbd36c0399,efcf13a92162dcbac73615cd17a4055c5bc6ebbaae804ac0fa7b8ea911b0bde8,2.6227056980133057,0.0,0.0
BF16,none,16,512,19,33,512,dd3128a9ef793ddf9e9f294319a2b360cc15446ad5ad5e768d58375ac46f57d8,d1f96770ba4fff5f404d930d614910a50ffcf629145ab0c3a9be3a7d0d4a6a29,2.724874973297119,0.0,0.0
BF16,none,16,512,20,102,512,5d859c5643c83feb10bbd789bd43b3d785eea3ba0e317a8dc4339205b49030a4,8d749c41e642f93c2c9e23b7c36b1a260110d08663e0709af65afb8be9818be7,2.8867387771606445,0.0,0.0
BF16,none,16,512,21,132,512,6301047c5e01b65f720a5df7598b0193b9a616788d3ebceea7c8ea3c557a6319,2a793c11483275658f9fcc85b3f70bf1ca9ccedf8d784f93673fdb70248d6262,2.7513647079467773,0.0,0.0
BF16,none,16,512,22,83,512,4a19f00faec7f7a4366c30d505fb475f2a7f192ab0d555bb147f7a479899ea97,0f5e77072631e58c2319b5180446366f7a46833c2eec564de75ece6a1d4ffea2,2.729949474334717,0.0,0.0
BF16,none,16,512,23,101,512,98fd1552d1b6b33f61534cdfc6b173db98b9e091d5fa89e3738ff5e20555099f,0df69f0a17acddb90ae66ae6629fc602609bbf5f7a0fe733e5a724d3a9ba21c3,2.4998040199279785,0.0,0.0
BF16,none,16,512,24,7,512,8628f147d8ba311f3331812340c7a0d3d29f803b14909474fe478fd9e71a860f,6f568a3ea896c63aa3ce960b5e1088c26f8a132354f2cf94c611ea6f3aa7588c,2.64380145072937,0.0,0.0
BF16,none,16,512,25,21,512,a49f726c8d23b3d3338f988ce283efd804cb31fd133960f513b494f10c918afa,02356aaa666127b370708a5fc78fee6a48f84ff24e38ee53eb27f546488ef8b8,2.9347736835479736,0.0,0.0
BF16,none,16,512,26,74,512,175163fcdf2b738f5bdba615d91bbec70a2d6766ec75d92cff25a3b5d80029f9,01001a3e575af55b15ff3e3537a932f78439134aebab718d6c2926a840f557a7,3.5429649353027344,0.0,0.0
BF16,none,16,512,27,97,512,c311158b5fa0b5f1221f9a397a704f66754fc02513d38a6e748451634004f2ee,c5394ba5aae3a0bbd6648757f669dfa515620f554cc0d533962c119fc9c366b8,3.0758845806121826,0.0,0.0
BF16,none,16,512,28,93,512,c9f42896c7c32f34c6db6e60d286b701f94c1ac24ef31c3df64cbc5e777aebd2,445f4169214d04606ee7bd860a76e6d9a5309133f2e4e93b4586385cb304713a,3.125369071960449,0.0,0.0
BF16,none,16,512,29,45,512,115989fee52a2f958d8a70912f5a0148d025cece056a65329a8b13668f2d3532,5b0284ed5eeb833942eb4fb22120e4cceca24899ebf7abcfaad5d786db45dfb0,2.877446174621582,0.0,0.0
BF16,none,16,512,30,38,512,c620ca7a880f4f94b50e21893e805bb726552a7c6cfef9e0a503bca0bb5d8678,59d2ece4ff7b18dc6d5a3bf1f6eb330b37bf36780a042e2d3e9f176c2b475f9a,2.473372459411621,0.0,0.0
BF16,none,16,512,31,115,512,3f912710cbd320f42462b53d3823db0e82ae0e4038739ff5fb53954a3d2a6105,060a582ba59f6c2a8fedfa29cc123c3f656bd49005710c8343a837a5158e95f5,3.019648313522339,0.0,0.0
BF16,none,16,512,32,8,512,559b45f908701914464a398a4e23cbd2dfb27f0f616685418bbe0774face5a6e,cc8e0595a7e15fbb2080fd8ef63b4b198f7fffafa5b859b90cb0d41bee6a5ad6,2.4445691108703613,0.0,0.0
BF16,none,16,512,33,116,512,2f78d326cc0a7105fdb2e5a61e47c535a3358d457563c0678ccaad7456bfcaac,8fea6b19518798fc04451d274688a8fa6eb371a5146b3b070a6ebd27d05a0625,3.179959297180176,0.0,0.0
BF16,none,16,512,34,72,512,2f7c90082b8e4f35e68e68fbcba1692814d41595bec18578482d5b80505d881a,9dbc4089a84b42672bbb6f9eeaa48cd5e3f7417ad1a907f3000626abedb1d6cd,3.1087136268615723,0.0,0.0
BF16,none,16,512,35,120,512,01e141aa9d676652f27cacf8ab88780d0484540fac271a62f976d214af9149fa,3450ba805db1aa894f32325471fbf9448fc348b352a851c853d3c8844e353145,3.324603319168091,0.0,0.0
BF16,none,16,512,36,49,512,df7d4f6662a123670bc217259167c9d6c9f828f13bcd2fc5d5edd807a5d68a7c,5347734da6baec6e402c6847a72db52512f43b6a0edcd09ceb1eb3f923a7af0e,2.963374376296997,0.0,0.0
BF16,none,16,512,37,50,512,1c3bd6c353e6a779185ec2cb40ef64d8c301d5ff264c26db6291eae8572229dd,9dcb403873ab4a96716786b9a28d9a96e76cec3b790a0778616fab8478ad43a9,3.1270134449005127,0.0,0.0
BF16,none,16,512,38,88,512,688111a06788bbd40c7736892676fa3687d1a1c1e1b2a364822dffb60acf1371,ec63481c58c7ee04521cd54e657ab30719e07e01ba379f2b0064eee1ec059448,2.840394973754883,0.0,0.0
BF16,none,16,512,39,86,512,48570697a4dd16a0b55c07054277a4d400361b2e40e120f9bd5a280079991a7f,f017ff30e5905c55f293a04449e1da60521d3043d943b46487158d7c97c078f5,2.9940998554229736,0.0,0.0
BF16,none,16,512,40,69,512,2d4feeae75c71a033ddef463f9c049033211872b8173cacf8c61b2773b4ea977,d07765c8ad80133cbdaad2c2e6734d6acb3a97df0c86a3316f5f9b6ab2ec897b,2.7539145946502686,0.0,0.0
BF16,none,16,512,41,96,512,b2d66294528c77f2ce5542b63c560b53a019ef3855fc23f22e576e2c24a22af5,711f41b404997593de91e04fcc1f59688e1044f0fa4f719136967525d012500f,4.010348320007324,0.0,0.0
BF16,none,16,512,42,111,512,14d551e36a925b730c2fc620df4137bc0b3e07e504d9b5cb9fc5cb85d338e368,a1e4ee0bc81044d8d34d034b6006f7b58467d54ec34040550f16978e99753463,2.3700950145721436,0.0,0.0
BF16,none,16,512,43,104,512,2f973847de2910024e3dd468aef48343ee9914919544804bd2ce7b6274c96536,f5978599316fa5edaba4e3e44a42155b8b3abaf1a0d43ceb78648674621ece02,3.147778272628784,0.0,0.0
BF16,none,16,512,44,134,512,2140297a06f57efe14c78bd27f691bb449e014e4a75da0d2493d3cd6c8302ee2,74ee99cdf1afd846a2c84b4171b5fc476355866701b2fc98feeb8ddb62344725,3.3850646018981934,0.0,0.0
BF16,none,16,512,45,67,512,8dfa6ea1f5b51ac3a7421963acad90a2412786c75f0ce258b8fe5cb751fb0ad4,1d3c37901ea0c9f85af4c5918b812300ff2a9b77e4af07c1613a44b2b97afd1b,2.8159303665161133,0.0,0.0
BF16,none,16,512,46,52,512,a9975feaf08183a6c92b6780eaa11bfa8b4e009f8719664e0cf61daadee29ca6,67bee3d7b80f8eb2551e7a5b836e4cb00e1d024a9858e758e922b2c4c0454242,2.9346652030944824,0.0,0.0
BF16,none,16,512,47,123,512,f2f8c6f9fd0d5737ecef01872a27479d40c0128542bcdc2f650aacfa0871228d,1a41da669635ddfdd017a46cc49fb42e02dcdcc79f94f8db4e769b1a8e9dd28d,2.447678327560425,0.0,0.0
BF16,none,16,512,48,10,512,1110fb9e38dfc961e91bbca80cdbcb7aec9255667d4be62b7d64ad2008086430,5ca63fbb2f66470d41065f1cb002e9a06d16b6336ec72af2dd76c4b09b39c6cb,2.91707181930542,0.0,0.0
BF16,none,16,512,49,59,512,2ffb864d7680fe2f03e9c96a8ca13a1dcd9201d972b58055cdf1c54c016b3869,2a9d55bf974b6c85a74990d4db11f6f84941cdbd5670a5a770cf2dab7d82615f,2.670104742050171,0.0,0.0
BF16,none,16,512,50,90,512,565645b7de1588ccca175836fbe0a3445769209c98d06526c129fb453a20df82,ad1fd58631acbdc8259bf9f683638e317ea451b3ad19c0dacc669cb05c5aaede,2.877713918685913,0.0,0.0
BF16,none,16,512,51,12,512,47020c49aa9953b482fafbade3c350c281f1d37768dfd620ed4ed22215dffc21,a8a469a68d7b569db199606d9811dbb31b560edf39ff7ac7743bfa1dd2422dae,2.694467544555664,0.0,0.0
BF16,none,16,512,52,6,512,f6f428baca66fc8aa223e265fe167e8f3e66b33ee52ee27c5cfacd6988b6cffb,8fda12a3276f553c32781879a2907020a1b95b120a4008c5d047ee9404635781,2.2049832344055176,0.0,0.0
BF16,none,16,512,53,98,512,612685c9a843162b260eb1a39ea04835df7f4205fda89d2ee9029057956c4a2c,577b2892864b4039ebacae0fd392d9f9265698e6e2c31b00c3020887b5487ac1,3.0826780796051025,0.0,0.0
BF16,none,16,512,54,62,512,407e23a40d3b79a8ef1ed65739952a2967c01fb71f5ae80eca89f950966070c5,c87c89b138f647b50ea3517602b97c2017b3e81b8eb3f64e4fe71550705510ec,3.2736263275146484,0.0,0.0
BF16,none,16,512,55,106,512,476847f11f8a83faeb4e3bb899f53f96dc04ee45ec360473b86b6fef85c520ec,c2e2d40d2e76ab39489312b4815e565bf71bded2423c32063665c90306b8b484,2.6510424613952637,0.0,0.0
BF16,none,16,512,56,48,512,683524ce59e2c3b9a90e4b6f80a2dc506837423066ee0069e0e9bd3a031cfcd3,c83d0c1969861d1c14c26919385156d653da6b82fe574ec002a483eb773a1a37,2.6203360557556152,0.0,0.0
BF16,none,16,512,57,57,512,d188307729885676d91094312beea8f9c6bdfe7b46d34ce19d3176b30f8d6721,8c56774c0912494f5718c16f24cadd18817d67ca61765ac7717e2f381efc69b1,2.5125246047973633,0.0,0.0
BF16,none,16,512,58,89,512,7d37ebde45fe5a1327f7415b722a2152ba19239541b5b86171ad09110b88126b,583d6f94ff03af842635d512bee8f43a5e4536c5cd7db354fc202265110672f9,3.425480365753174,0.0,0.0
BF16,none,16,512,59,85,512,f787ea5a78872e8cac0aacadf2135dc6f7970768214b8a724acb5141af243601,65bb6d6a06285ce23477dcd5ab9e9eb0cbc60019a59f3b7448f7618685b1fdd0,2.7718734741210938,0.0,0.0
BF16,none,16,512,60,103,512,d68e8446d1f26fb4d13d7a806b96bea17f0630142bad0e74001b06c29ca2bd92,c2b4715ef6abbb41a35e1350e447684bb0d0dbd57d2fb9d9a3e6b9b7240d0a98,2.9015614986419678,0.0,0.0
BF16,none,16,512,61,75,512,ca5268e69cb922f0dc43cf2131274a5f43fb65f8bcbbac618b4a43e9b99b0a85,2e8b2d3f0426eba924b4a98379eb92d2e64dc03bc9ecf594495fb9bef1510012,2.564058303833008,0.0,0.0
BF16,none,16,512,62,51,512,5b3a8d8d253edbd82b4e45c124e433b1f329522e7a41a910b62fc2e161722a08,eadf4728fbc642b26417a5d55a5b564a5ac77fb435a5a9b5e3b6c4c4c620f114,3.231381893157959,0.0,0.0
BF16,none,16,512,63,43,512,02aee5e343d97256d44fe0eb9c3f77668c53371f95c184e97dd53a610d530752,a10032c97181f82d2cdc3b9207991e6fae9b82c6ed45b476bbe0ea5cf36aab8e,3.776966094970703,0.0,0.0
BF16,none,16,2048,0,68,2048,7fa3218d5c0877a221d93c331014b13f9b0269f66ee885045391d7f6925bc18b,8ef5a58d30706108e4424bc7fd5ead54afe73dcf5205e88fd588fe5e14ce67ba,2.4777376651763916,0.0,0.0
BF16,none,16,2048,1,100,2048,727c409a44db036aaf99d9825120b8c5475979820ff1880281ca6700d93e997c,790974994d1df4ee2511c0a11d2a4b63b3f94cbc857670ebc32bd86a120c13c3,2.4532456398010254,0.0,0.0
BF16,none,16,2048,2,76,2048,de5839302a1f8be2c62c604f2a574a4e959bf6b8903e83a6528c3e8615c4c71b,c10726a949d67a001e8537b229d682cb6f430e75a3868ab2eae32d9da26409f9,2.5171608924865723,0.0,0.0
BF16,none,16,2048,3,140,2048,5b5fbf9ed2f90d3b56310892d916c60c1590342ea5efacb9055505dca880067b,d5207eb0c712b5e67966701a30db2e91852ae6e21ce9c45201858637c2f46300,3.066969871520996,0.0,0.0
BF16,none,16,2048,4,44,2048,e83fe1126ef11362ca2c510be3b9d801a80d2ba95739f3b5bfdc1c5bdc635f58,d74147700327ce101764c03fed40a4e9745f79d073ec2b8c2585e025a259eb33,3.1258513927459717,0.0,0.0
BF16,none,16,2048,5,20,2048,7297e92a528f854e162bf26846df4827597b3fef35dc0f8f0d160c27e12b82c3,3692af9e0a10e0563d9321971b56df001f57667c95cf35add673d55ed7e23fa7,2.512648105621338,0.0,0.0
BF16,none,16,2048,6,63,2048,8d664704323e367f28e3fd14b1876e6e79b849e0a92a52cb7ab13e1f007648bd,010e9d87cbe94cd96a9c80e5a3acdb481237f902e2804ea887c5699d00f93f28,3.252600908279419,0.0,0.0
BF16,none,16,2048,7,37,2048,43eb711a5f90c2da86caadb1f57a6d78e33dd772ea669a188885cf29a856c8a9,e94543186b5037fa285edb016058de7c6a1c24f0ec5d2694716bbc221f735ca8,2.0508577823638916,0.0,0.0
BF16,none,16,2048,8,142,2048,60f0636d47d2144bac213771617e6d26b641c621ca5598aa6f94d92f168e4440,961aeef219281deb3487d874ef56d4a1feeb09133cbb127c516026756b7d403d,2.810516834259033,0.0,0.0
BF16,none,16,2048,9,54,2048,f2d06d6fadbb94a6b9673c03f34c5702bc62868f6af9464c5fafaf71bb3a7452,f825257be6a05712af7879420152d60daed2ff0ae2a63a9fc03ed9511493c1f2,2.216740369796753,0.0,0.0
BF16,none,16,2048,10,64,2048,309614f012e5fce8093ce5bd71979c6769344662aea1ad23a758d80708177086,5a689a9bb73117e9c73743ba89fbb373d253f702ca903217581c61da3020d81a,2.4041380882263184,0.0,0.0
BF16,none,16,2048,11,82,2048,86b2e0be9829fa6afb50279461e5110faf95d29913a0b230fb6cf8d31281b03a,6e77798e36b094b40ae44b70ba876c18c99fcacb76db84d01723e016f28d9933,2.1593775749206543,0.0,0.0
BF16,none,16,2048,12,125,2048,0316e0ba92bc822a1de2775956f65f0c449bd8c94ec709d81a23aad83fd15618,214473bd123f552092a6e64a2a3621184d456c2f0d32d3655533ba4c0f6adfda,2.800941228866577,0.0,0.0
BF16,none,16,2048,13,25,2048,fb26dda67f40a157e5ce636f903062716d27e87ec6b75b77ae16773d4868ab89,b8c27a347ba7cd7ec1011c72802452816fdd20b467d1acf46668b8b7a5a2289e,2.7655189037323,0.0,0.0
BF16,none,16,2048,14,87,2048,d26d8831d4c6979689eccc963c941dacc2bb0f37fcc3467d1cef84078b6e23b3,0e26ddd8753ff529d3768c603e1b0a8ad9517c33a7e2bc26e322019bc3e7508b,2.5108301639556885,0.0,0.0
BF16,none,16,2048,15,18,2048,2ad8fea8eaecfc4553fbe62df1d5188f2ba449614bb15e7d1b2abbf345a06b25,94b444d9a3f586aa986876eb813ff24e32e2c4a560e2e6f9dece8e2df242a679,2.473024845123291,0.0,0.0
BF16,none,16,2048,16,141,2048,b7ab366b5b5a4f68aee22bbff6cfe4218a75efcc7c1b2ad2456e37b059101498,2be48fd263dbe7cefc17f7bdc88170c66cc1f4be1d216141a7a3ff6912f00b41,2.667905807495117,0.0,0.0
BF16,none,16,2048,17,130,2048,b62d53caadce94fd5ba6fa7cdfa65ed44699a81a82dca75cc95417b342a3c51e,a963b5699afebb47190fd1b00e793b97d22f8bde30db62ff5205aacff596f9ec,2.57650089263916,0.0,0.0
BF16,none,16,2048,18,133,2048,5797ba35b7ce0b63444139260cd65066076e06aa4b806b1d02e0c8a2b0102414,5a168b747e18c2198035a699c6733e1d2599eec07a962204e9fddc525219ed30,2.5216755867004395,0.0,0.0
BF16,none,16,2048,19,33,2048,d20445cc193883501468e35adfada5878439f438af3dc6844777523111576558,6954d31dd34b120c9ab2b7833f74bd5922bc512f883bc47d94195e8780302755,2.493502616882324,0.0,0.0
BF16,none,16,2048,20,102,2048,57841b4586f83294fc5729b94566df9615b3b04974af798add7ae75c8b79f2d3,7724d043965d6163663a8328c72325922ec1f831eca6cf0624850025699e60d6,2.816531181335449,0.0,0.0
BF16,none,16,2048,21,132,2048,ebe7817d56ad234df4deb7efb8e4a5fca5774e1b3cabc1dd0a0335618ec4961a,a959ae63e8fd1d94df13ae7ce75516b73ed0f39f5cae77994704057859fdec5f,2.5060997009277344,0.0,0.0
BF16,none,16,2048,22,83,2048,0ff04edd0674d3d12caf3774f80e9155f7181b923be2ecc75eb6f9e9be756f41,618e93f2e58f4c7f136a5d1febacad4143402137b30c052b99b7179f437b5ebe,2.1719295978546143,0.0,0.0
BF16,none,16,2048,23,101,2048,810951661c56ef3c1b9b659222ae0bca609f1c07f8036b9e327293da15f371aa,bc0baafb97b97d691efb2a5ec641656058353eb19aef6689403796499044ce4d,2.6006903648376465,0.0,0.0
BF16,none,16,2048,24,7,2048,41e06daa2a7e37533d6fffcf2661e9e0e6bdd80a8f8d18e54bc9be26a76a054a,7e99d981947b5f318bb42da217df580bdce04d5dc13ce96e8c17a147efa7463b,2.3913631439208984,0.0,0.0
BF16,none,16,2048,25,21,2048,df7e33adad9e3ede3627d728d75a1108c18befe55c36441fbfb7c356ccec116b,4f6cad4813e36d69870a7b3002cb9b847600d8e78d5f8332bc9615891ec28902,2.8807201385498047,0.0,0.0
BF16,none,16,2048,26,74,2048,7cd1b0efcf370504101019d10b314309f11a37f0ead924f09da71f83a5c2c8d2,e5074e0575902b83a57eddcd2bc2ad2ad046a127acd8c395de488bf5a4166564,2.6478419303894043,0.0,0.0
BF16,none,16,2048,27,97,2048,44b7b8544c5d1e2aa738d3bae9e35d03e35daafcf87431dfe3e5a2b3d77f89a0,e344c2edb60abad53141095e4f04ef9e8e97c76c5d09b77882cd28f45fdd897a,3.0354394912719727,0.0,0.0
BF16,none,16,2048,28,93,2048,6eb56b8c416e857cc5bf5fffd1f31290a1b6b0d2ff1bc8a9b2f795ad6bffb602,1ca4b4b8f82c674774e1774730ba65bf017f8323e1452aebea426356f148c460,2.9952733516693115,0.0,0.0
BF16,none,16,2048,29,45,2048,7907c4635e56710fea650a063d9df965f67dd0b53d4c180d3ce2eb5b79629e1c,e97f332366fcfa6a6614e78e696d91d8f8399eea6e198cb2de1f410d5e33dd20,2.9498376846313477,0.0,0.0
BF16,none,16,2048,30,38,2048,2aa9ba64e24973c9ea5870ab2b2addab92242167cd079c50d5a2768033bc7fa7,c316e7dc6a4bb8b433c5c0dfce05834ba4915f0b6a5ca205ab105146837c8b39,2.1573920249938965,0.0,0.0
BF16,none,16,2048,31,115,2048,c1c45b89c803ab3ea9d5d8dfd237bfa4208784fb2750e3776a8a9b49fc4abef1,533a47d55446fcf666704ba8ed23852f8e4a1d41e5f806f050c597a7f8c50c7b,2.767624855041504,0.0,0.0
BF16,none,16,2048,32,8,2048,07e7acf1c60a54d81f6df25c939b3b21ed695fd2fb59caed81916f0c4f707356,bdeb930a4207b8ff5ff249d0f3ee6fcde3dc58085c4bbde6b433293cf0a61273,2.623312473297119,0.0,0.0
BF16,none,16,2048,33,116,2048,f959970dde811e8c8e5d861c0903e42b89f09c24b19135c8152fa01642bb81a2,0685a518770b23c4d3f80b498a001c334920e67e44d40a9150eda130137865b9,2.9256672859191895,0.0,0.0
BF16,none,16,2048,34,72,2048,f2c268e2e4089895cc36a0409f7f1f891887db3508bf22e9148a4b702f12a668,b0b619b31d20f2c29dbb766b917dbd86b8a50afb135e168b3734540ca9c9fb35,2.982614040374756,0.0,0.0
BF16,none,16,2048,35,120,2048,2a6a0c3843fb9876d3c15da81a5d7793ae4ef5a612471f58c6eee2b6bda5a500,780f6a0375f372d30edcd4c5a61f1bc4544aa4fc1b334e7f43aaa46236482054,2.7797136306762695,0.0,0.0
BF16,none,16,2048,36,49,2048,bbf015dc98d089a483ee657bb417b2f8df90908e49032f9ef4f09bfa44a6802a,18c916d13b82b14e38589a1d0c4835e4df2bb26eefb4bb07ccf03ef0be081bab,2.4590415954589844,0.0,0.0
BF16,none,16,2048,37,50,2048,4db36b854aa496a979993dae42abfa30d51669c4089495df01169bfd82246d33,351074286b5a34fa8adf99e04d3644cc163def76a9aae628478b069e5a32f044,2.829340696334839,0.0,0.0
BF16,none,16,2048,38,88,2048,6f66de84b84ada174908af403445d9b255009b390102e9dc9760b816611b66dd,49a7c93f0f2af5f780fffea7064d9d241e2509dced42c3abbd32a56e492ce2aa,2.750183582305908,0.0,0.0
BF16,none,16,2048,39,86,2048,f61d15167f8d4133ea214c6666aea81a11ca189ca4a51df3d7df4a9f32dbfc41,c5e210333fdce11cf0ffc53cbd016048c41ba65eea40da1ebf27e6289a545d74,2.415377140045166,0.0,0.0
BF16,none,16,2048,40,69,2048,ecb1483dc2e18caffacf41f5e510aeeee70b01740c46e4d338fbff394cfa1e65,79231f9fedce47c9c1feb74a08316a3b500170a537fc2f2351a8f8a721821c13,2.6431453227996826,0.0,0.0
BF16,none,16,2048,41,96,2048,60c27b336ed6a8c18fcde80ee352f70080acee19cc854da8827c632921b61b5e,8c3e5ff1d60b7548fcd1a4f8c417514060ed9b659b7a5a575c14ef1925104cfd,2.9062180519104004,0.0,0.0
BF16,none,16,2048,42,111,2048,054544cd89aed87b240dcb8f3350fd75fa66f9e7b310fa040ad62159998db107,13a648594c238852dd1b3abf875dd8bf4a1978c053d642bddd1692473a3e7152,2.3877222537994385,0.0,0.0
BF16,none,16,2048,43,104,2048,194b0036f6eed8ac0679b3de5ab18e204fa3e36fe5703a2f511e81d630aaf9a3,064c0b4ec4484b608e9ebe64d56ee52bae7dec939a75c427cf6d456609ede927,2.7560887336730957,0.0,0.0
BF16,none,16,2048,44,134,2048,6623021a970793613e7d29b9cfdb580ba70f8beeadf6f8022203685ee0d04d09,35a8240aced5f3342922bc29b4c3a0f2797fc85b5a25fdda70f322c4a98d814a,2.979818344116211,0.0,0.0
BF16,none,16,2048,45,67,2048,5b7435eb8294094e094a8a5701b004aef2f50a4d5ff8da62df0d653d0d147c91,9f3d068bd2e1e4d34eb11f4d46868290394a0457735daae194d9535eeb8749f6,2.4715359210968018,0.0,0.0
BF16,none,16,2048,46,52,2048,c42df66f179fec4bed6bc6ea75bb298576f34b33edb5192c11fbecd6ee5e2dbf,8efaca47c011af5cc3dbcc9976937b2db472b6883165a4b61b1c6d482177dd2e,2.3901333808898926,0.0,0.0
BF16,none,16,2048,47,123,2048,2b2bc4354b0f7c5298df20248b65999583dc40b7b5d8913860b58d4f31a67d71,92ec347e73f2c28e990fe2c167de0f568f58956826ad0a2ae3285dff6b3f6549,2.2739033699035645,0.0,0.0
BF16,none,16,2048,48,10,2048,b75ad37e7d25a7dc1e7d9e7e93724b6215417732940da4816877f2402295aa1b,6b09c3f673f36dba501cbeb6fdaae7f5829b08b1355f8db9c3c876f6379e35f8,2.655754804611206,0.0,0.0
BF16,none,16,2048,49,59,2048,795245b19899ac5ff529bac36cee69fad97689199431ad73acbed17d3dd720c0,d71ce66ffdcabc51b81db45c39f52e1e86cf9f8fe0444582f1fe9f503c045052,2.2765865325927734,0.0,0.0
BF16,none,16,2048,50,90,2048,3eb8eb91c811f87efaeebe3e66e4f3897e5654c9e36a9d97d28cc38f7eaf90cf,30805a0e8a337cc57db7f2c0b50be3bcdf3272a1346162ff31b1ad6889f9fc52,2.8457467555999756,0.0,0.0
BF16,none,16,2048,51,12,2048,3924e212376afcce822167775e4b7f6df72bd9d7a50dbd64e80a7c03b1f66fbc,37708bd58546c27bdb9cae546b81e57dc5a2eb6d47df5a0378d7042c4fd7d517,2.5520427227020264,0.0,0.0
BF16,none,16,2048,52,6,2048,c28653fc6962ad492ec2f12b1c4a8beb9b3c7bbb0e43bfde89118454817b1911,99d2ff942dee6e18b7310f08e0dd1b3be52ac486659065f315ab42c860f22c22,1.7712585926055908,0.0,0.0
BF16,none,16,2048,53,98,2048,0261aee3ed953c97e4fb48910abf3791263f66ad55b9be4416d9fd65ab27ce53,8872cb58f2aa79bd2ac93fd12e7e93ece1e8d62f75e2fe6f9f5893b715a119f8,2.7674763202667236,0.0,0.0
BF16,none,16,2048,54,62,2048,393e78b9d9b51099691e9c74ab844641e556e1535efa0e4137f7df16f6818990,38a27596f5954c7e8e4657b0f7dc66de70bbdc8b52b646f83742fb167a054de9,2.851731300354004,0.0,0.0
BF16,none,16,2048,55,106,2048,b1f856d8e8c275e63f8a8288f5c8764488e7b3b158bcf40e8c2469cac18b1e6f,2c627def35cfa18f2ff5ab126f7c551da612364c88c94ca4778d21575f2d8793,2.774622917175293,0.0,0.0
BF16,none,16,2048,56,48,2048,111e846c1afc51b385724b25cae254b8fa61a0f8e149f7314fdd2755acadefea,9c6bcd41850d9733d86da30d8d6afa6340b6e9a1991c63775d86720057114be2,2.80336856842041,0.0,0.0
BF16,none,16,2048,57,57,2048,d96ff1c537de5b06937f53c52ab2118bbd5ffbbad5f65869e80aefc960096fa9,0533da760b7430289edcb0ecc4a5aba86300b061c241ea3a61a9a96321b53322,2.0077106952667236,0.0,0.0
BF16,none,16,2048,58,89,2048,d1c1922e23951e32a5e86cbcef1277adfd4dc526531597871b17c992328ae3e2,3923c7bc803d17e21ed437c3f884591a3588622249807a36291c1f64acb51462,2.76998233795166,0.0,0.0
BF16,none,16,2048,59,85,2048,7a73577bcda1b69b229dffce519dcda80cdac6bf9b9ad5ae1fb4b14b72e68f5e,c018fdc598792ea0693ad2bbe112fa4244d58227c28c329804b8c6711091f300,2.4920878410339355,0.0,0.0
BF16,none,16,2048,60,103,2048,012cc3d5a10bf9cf1283c429a3a0b4aac838a72e6ffc3199aebd05ab0544d2f8,411a89e73bb96f8e952c1fb17ae271fbbe727130554d2487fd271a065a06173b,2.57588529586792,0.0,0.0
BF16,none,16,2048,61,75,2048,9efbf84514b0fea9bb09d35d2dab9bd35ee4ee605bf6d81e21644e0d1f5b9042,9c472be30a0fccbaf0328a5d699042a37a297300c41334ada29ad935df57fe2e,2.5614519119262695,0.0,0.0
BF16,none,16,2048,62,51,2048,d5e97c1df65c6b9fdc4bb3d7ed0fb43e9f6a51caf6d1f9c3c10d12391920ad93,826d4c2394fab556d93fc50aa12353ee5c1b8ba340cc2b5d90a4dfe6230a1d6a,2.453214406967163,0.0,0.0
BF16,none,16,2048,63,43,2048,696893d293ec00b6be32eb5fe72ef425b858014926f21e7427d652154ec51c69,23a5e80c7e804a71baa38866b1723d47ec9104973a14945bd678e436c315cb3f,3.319941282272339,0.0,0.0
WQ8,WQ,8,512,0,68,512,ae16cd2f87fc656abc0929021075a3b9ed61f3e88b34184754e7dbebd76ec193,08256215c109e87d3a72dfa0489d9857afb1e4c873b20a9855050de5b59437da,2.779625177383423,0.002712726593017578,0.0015036091208457947
WQ8,WQ,8,512,1,100,512,3b744cfa8d587e08d920606f255dd1689ab24c6276571e94ed0b74be1d01de43,25713b5578546ce636ce43536d8158b6f6a73a191cc66a03ed5b11784e21cc6e,3.0610086917877197,0.0042226314544677734,0.0011994558153674006
WQ8,WQ,8,512,2,76,512,218ba9a35776a953f13e4b544faf23f37bab2530c1aa178ce5a18da6c78482be,7d3c80f663038307dc13a0f815e3778b452a435ba7d496806dbdf330ceac3ee0,2.8383755683898926,-0.003760814666748047,0.000929634552448988
WQ8,WQ,8,512,3,140,512,99ad214b32ceb627ad7dcd26e7c4b968490d2921509ce77b169fa235b400825c,7671c21d03fc9a4d83c7f723cfcf939130c01a6c7b3ec7823dc31d6e7263d943,2.9642302989959717,-0.004571676254272461,0.0009341464610770345
WQ8,WQ,8,512,4,44,512,bfa95e7ec878842678803ae23d2a234a823eec1ccce4b61c63bedfe94615385d,c456c6ec69e7331b0b7c013a7377a60f693e7e74eac82c3aaa340066e042521b,3.861830949783325,-0.008078813552856445,0.0012883595190942287
WQ8,WQ,8,512,5,20,512,0df6561709ae94fbe1d725835527b1025919ec0d4988ff7390e6b4617d148a0d,c1783a1aecf214b8e69bb00cdb61ea0e1823f8dc33e50cc8bd98e00de72b6314,2.194685220718384,-0.0014798641204833984,0.0008983590523712337
WQ8,WQ,8,512,6,63,512,cb419afdeacc3f41a32badc0ebb2d0c499e6e00d780641ce39716478df0a20e5,861412028ae1bd379cc93139160cd0d9e6758e84f6347e077159c88cd83c7061,3.682511329650879,-0.005454540252685547,0.001373853418044746
WQ8,WQ,8,512,7,37,512,b8ac611453ddedc7866701f4724f89e267e033102f94cf1edc0fcef046767649,0ab46fccff21d8f4768f9458aac7ecca09d52c8a0f59b5124e1bb1c281128eb8,2.453275203704834,-0.0015125274658203125,0.00104626570828259
WQ8,WQ,8,512,8,142,512,3b878cc815eb2fd63fd166af88f34400e0044851af5f0199430452887354c73b,c6fc77e555e59488c7bf941f5fe2ddf1203ec29adba7ea64e262b9c61c8b3c04,2.713364362716675,-0.005561351776123047,0.0010726790642365813
WQ8,WQ,8,512,9,54,512,c86b7db60afbc145d9762cf4ed3e9d4a646ab6beb6888ab76dfea844037ee385,d4e2357b45c895a3837df5ed504ec9c958364adcd1982e5bfdda624264699066,2.8418476581573486,-0.004683732986450195,0.0010184989077970386
WQ8,WQ,8,512,10,64,512,beaec156fbaa2cc61d2299fa20f7f0d8a42d1931fb6ef189b1b57fd78698a8bc,d7a22ad9f4026fab50e53fc63eb8fa8ff3164267a997dcdc6f31facd73d14233,3.179368495941162,0.0013730525970458984,0.0026002670638263226
WQ8,WQ,8,512,11,82,512,a87dcf72965b9fd725594e983ccccafbff1f57504062f003d18769489fd7ea8e,3751210f5da4d56983a9edb710506df1239958a2a8a36654f223f62d48233904,2.5592076778411865,-0.0015935897827148438,0.0010411710245534778
WQ8,WQ,8,512,12,125,512,ed4bc71e91b94bde605bf581c65860792a6c1e2992d889ac41c403096d155785,f67585beb4a8cdd5b8b31e251d29a7e09279f0d0a355c4d8cd90b11071355aa5,2.552726984024048,-1.52587890625e-05,0.0010075389873236418
WQ8,WQ,8,512,13,25,512,d6aab0a496126054e48aa051bf1bb7ff85c1707e459a1405e9fb5871a99c9d77,d24849b4be0d0b0eac3ec00e9c4cdcaf714bcd92b314cb0e6412431aae68e06f,3.2533371448516846,-0.002728700637817383,0.0011375600006431341
WQ8,WQ,8,512,14,87,512,9b1a4ade0323a3a637607e28dde6a773faa87580f3f967d3d27f581731d262eb,b978b20d5267d054cb5a6cc8bc87d71330d70eb7eaf4011398577fbb4186bc25,2.643989086151123,-0.0019731521606445312,0.0012518458534032106
WQ8,WQ,8,512,15,18,512,19175ed1e88a1723548455982303dbb668ffa2879119aa2536679baedce70e1c,4b5642cb01e3c7fab6f171b7b5fe3e2093e064b0697dc0f6461b3cf96fee3666,2.855424404144287,0.002177715301513672,0.001047234982252121
WQ8,WQ,8,512,16,141,512,b1bb9ebc0420c60b2de6eb3d1b3dd33639e5e974c3e029df21b8de723d0050d2,c6529ade056fa5ad590f3d7b67bb5914d000d1949d0f03f6acb8286d6fee9fce,3.3994154930114746,-0.00026869773864746094,0.0009835486998781562
WQ8,WQ,8,512,17,130,512,1fdab8c48d099f86ec6048f89b43db1273768c11d43cdfdb2b102316b0c90378,644effaed3d64c5d78d31ef525516b354c50545a832d818930a38404ac3a3b9f,3.052877902984619,0.0013561248779296875,0.0010838932357728481
WQ8,WQ,8,512,18,133,512,ce122db72e7ef3172517f7508e60b074cd0e48cffbbbbf5a6eaa07cbd36c0399,efcf13a92162dcbac73615cd17a4055c5bc6ebbaae804ac0fa7b8ea911b0bde8,2.6299760341644287,0.007270336151123047,0.0029997543897479773
WQ8,WQ,8,512,19,33,512,dd3128a9ef793ddf9e9f294319a2b360cc15446ad5ad5e768d58375ac46f57d8,d1f96770ba4fff5f404d930d614910a50ffcf629145ab0c3a9be3a7d0d4a6a29,2.721553325653076,-0.0033216476440429688,0.0010119520593434572
WQ8,WQ,8,512,20,102,512,5d859c5643c83feb10bbd789bd43b3d785eea3ba0e317a8dc4339205b49030a4,8d749c41e642f93c2c9e23b7c36b1a260110d08663e0709af65afb8be9818be7,2.887094020843506,0.0003552436828613281,0.0012024034513160586
WQ8,WQ,8,512,21,132,512,6301047c5e01b65f720a5df7598b0193b9a616788d3ebceea7c8ea3c557a6319,2a793c11483275658f9fcc85b3f70bf1ca9ccedf8d784f93673fdb70248d6262,2.7527899742126465,0.0014252662658691406,0.0009980677859857678
WQ8,WQ,8,512,22,83,512,4a19f00faec7f7a4366c30d505fb475f2a7f192ab0d555bb147f7a479899ea97,0f5e77072631e58c2319b5180446366f7a46833c2eec564de75ece6a1d4ffea2,2.7340621948242188,0.004112720489501953,0.0009242588421329856
WQ8,WQ,8,512,23,101,512,98fd1552d1b6b33f61534cdfc6b173db98b9e091d5fa89e3738ff5e20555099f,0df69f0a17acddb90ae66ae6629fc602609bbf5f7a0fe733e5a724d3a9ba21c3,2.4976747035980225,-0.0021293163299560547,0.0012190350098535419
WQ8,WQ,8,512,24,7,512,8628f147d8ba311f3331812340c7a0d3d29f803b14909474fe478fd9e71a860f,6f568a3ea896c63aa3ce960b5e1088c26f8a132354f2cf94c611ea6f3aa7588c,2.646756649017334,0.002955198287963867,0.0009122529299929738
WQ8,WQ,8,512,25,21,512,a49f726c8d23b3d3338f988ce283efd804cb31fd133960f513b494f10c918afa,02356aaa666127b370708a5fc78fee6a48f84ff24e38ee53eb27f546488ef8b8,2.928703546524048,-0.006070137023925781,0.0009850561618804932
WQ8,WQ,8,512,26,74,512,175163fcdf2b738f5bdba615d91bbec70a2d6766ec75d92cff25a3b5d80029f9,01001a3e575af55b15ff3e3537a932f78439134aebab718d6c2926a840f557a7,3.5459835529327393,0.003018617630004883,0.00138504256028682
WQ8,WQ,8,512,27,97,512,c311158b5fa0b5f1221f9a397a704f66754fc02513d38a6e748451634004f2ee,c5394ba5aae3a0bbd6648757f669dfa515620f554cc0d533962c119fc9c366b8,3.0724971294403076,-0.003387451171875,0.00101593101862818
WQ8,WQ,8,512,28,93,512,c9f42896c7c32f34c6db6e60d286b701f94c1ac24ef31c3df64cbc5e777aebd2,445f4169214d04606ee7bd860a76e6d9a5309133f2e4e93b4586385cb304713a,3.1245415210723877,-0.0008275508880615234,0.0010704579763114452
WQ8,WQ,8,512,29,45,512,115989fee52a2f958d8a70912f5a0148d025cece056a65329a8b13668f2d3532,5b0284ed5eeb833942eb4fb22120e4cceca24899ebf7abcfaad5d786db45dfb0,2.8739686012268066,-0.0034775733947753906,0.0012935049599036574
WQ8,WQ,8,512,30,38,512,c620ca7a880f4f94b50e21893e805bb726552a7c6cfef9e0a503bca0bb5d8678,59d2ece4ff7b18dc6d5a3bf1f6eb330b37bf36780a042e2d3e9f176c2b475f9a,2.473583698272705,0.00021123886108398438,0.000917168683372438
WQ8,WQ,8,512,31,115,512,3f912710cbd320f42462b53d3823db0e82ae0e4038739ff5fb53954a3d2a6105,060a582ba59f6c2a8fedfa29cc123c3f656bd49005710c8343a837a5158e95f5,3.0200581550598145,0.00040984153747558594,0.0014079711399972439
WQ8,WQ,8,512,32,8,512,559b45f908701914464a398a4e23cbd2dfb27f0f616685418bbe0774face5a6e,cc8e0595a7e15fbb2080fd8ef63b4b198f7fffafa5b859b90cb0d41bee6a5ad6,2.444895029067993,0.00032591819763183594,0.0009600530029274523
WQ8,WQ,8,512,33,116,512,2f78d326cc0a7105fdb2e5a61e47c535a3358d457563c0678ccaad7456bfcaac,8fea6b19518798fc04451d274688a8fa6eb371a5146b3b070a6ebd27d05a0625,3.1855340003967285,0.005574703216552734,0.001018292154185474
WQ8,WQ,8,512,34,72,512,2f7c90082b8e4f35e68e68fbcba1692814d41595bec18578482d5b80505d881a,9dbc4089a84b42672bbb6f9eeaa48cd5e3f7417ad1a907f3000626abedb1d6cd,3.1020495891571045,-0.0066640377044677734,0.0011370436986908317
WQ8,WQ,8,512,35,120,512,01e141aa9d676652f27cacf8ab88780d0484540fac271a62f976d214af9149fa,3450ba805db1aa894f32325471fbf9448fc348b352a851c853d3c8844e353145,3.3245444297790527,-5.888938903808594e-05,0.0013064228696748614
WQ8,WQ,8,512,36,49,512,df7d4f6662a123670bc217259167c9d6c9f828f13bcd2fc5d5edd807a5d68a7c,5347734da6baec6e402c6847a72db52512f43b6a0edcd09ceb1eb3f923a7af0e,2.9602997303009033,-0.00307464599609375,0.0011149169877171516
WQ8,WQ,8,512,37,50,512,1c3bd6c353e6a779185ec2cb40ef64d8c301d5ff264c26db6291eae8572229dd,9dcb403873ab4a96716786b9a28d9a96e76cec3b790a0778616fab8478ad43a9,3.125126361846924,-0.0018870830535888672,0.001034758286550641
WQ8,WQ,8,512,38,88,512,688111a06788bbd40c7736892676fa3687d1a1c1e1b2a364822dffb60acf1371,ec63481c58c7ee04521cd54e657ab30719e07e01ba379f2b0064eee1ec059448,2.8467912673950195,0.006396293640136719,0.0009721497190184891
WQ8,WQ,8,512,39,86,512,48570697a4dd16a0b55c07054277a4d400361b2e40e120f9bd5a280079991a7f,f017ff30e5905c55f293a04449e1da60521d3043d943b46487158d7c97c078f5,2.9923760890960693,-0.0017237663269042969,0.0011326627572998405
WQ8,WQ,8,512,40,69,512,2d4feeae75c71a033ddef463f9c049033211872b8173cacf8c61b2773b4ea977,d07765c8ad80133cbdaad2c2e6734d6acb3a97df0c86a3316f5f9b6ab2ec897b,2.7521307468414307,-0.0017838478088378906,0.0012552270200103521
WQ8,WQ,8,512,41,96,512,b2d66294528c77f2ce5542b63c560b53a019ef3855fc23f22e576e2c24a22af5,711f41b404997593de91e04fcc1f59688e1044f0fa4f719136967525d012500f,4.004238128662109,-0.006110191345214844,0.0011901556281372905
WQ8,WQ,8,512,42,111,512,14d551e36a925b730c2fc620df4137bc0b3e07e504d9b5cb9fc5cb85d338e368,a1e4ee0bc81044d8d34d034b6006f7b58467d54ec34040550f16978e99753463,2.369457244873047,-0.0006377696990966797,0.0009281827369704843
WQ8,WQ,8,512,43,104,512,2f973847de2910024e3dd468aef48343ee9914919544804bd2ce7b6274c96536,f5978599316fa5edaba4e3e44a42155b8b3abaf1a0d43ceb78648674621ece02,3.1454341411590576,-0.0023441314697265625,0.0012583840871229768
WQ8,WQ,8,512,44,134,512,2140297a06f57efe14c78bd27f691bb449e014e4a75da0d2493d3cd6c8302ee2,74ee99cdf1afd846a2c84b4171b5fc476355866701b2fc98feeb8ddb62344725,3.383490562438965,-0.0015740394592285156,0.001011739601381123
WQ8,WQ,8,512,45,67,512,8dfa6ea1f5b51ac3a7421963acad90a2412786c75f0ce258b8fe5cb751fb0ad4,1d3c37901ea0c9f85af4c5918b812300ff2a9b77e4af07c1613a44b2b97afd1b,2.812324047088623,-0.0036063194274902344,0.000977087183855474
WQ8,WQ,8,512,46,52,512,a9975feaf08183a6c92b6780eaa11bfa8b4e009f8719664e0cf61daadee29ca6,67bee3d7b80f8eb2551e7a5b836e4cb00e1d024a9858e758e922b2c4c0454242,2.9322471618652344,-0.002418041229248047,0.0012854943051934242
WQ8,WQ,8,512,47,123,512,f2f8c6f9fd0d5737ecef01872a27479d40c0128542bcdc2f650aacfa0871228d,1a41da669635ddfdd017a46cc49fb42e02dcdcc79f94f8db4e769b1a8e9dd28d,2.4457921981811523,-0.001886129379272461,0.00103377690538764
WQ8,WQ,8,512,48,10,512,1110fb9e38dfc961e91bbca80cdbcb7aec9255667d4be62b7d64ad2008086430,5ca63fbb2f66470d41065f1cb002e9a06d16b6336ec72af2dd76c4b09b39c6cb,2.920689105987549,0.0036172866821289062,0.001041758805513382
WQ8,WQ,8,512,49,59,512,2ffb864d7680fe2f03e9c96a8ca13a1dcd9201d972b58055cdf1c54c016b3869,2a9d55bf974b6c85a74990d4db11f6f84941cdbd5670a5a770cf2dab7d82615f,2.6657040119171143,-0.004400730133056641,0.0009705221746116877
WQ8,WQ,8,512,50,90,512,565645b7de1588ccca175836fbe0a3445769209c98d06526c129fb453a20df82,ad1fd58631acbdc8259bf9f683638e317ea451b3ad19c0dacc669cb05c5aaede,2.8732078075408936,-0.004506111145019531,0.001056561479344964
WQ8,WQ,8,512,51,12,512,47020c49aa9953b482fafbade3c350c281f1d37768dfd620ed4ed22215dffc21,a8a469a68d7b569db199606d9811dbb31b560edf39ff7ac7743bfa1dd2422dae,2.6924831867218018,-0.0019843578338623047,0.0008773424196988344
WQ8,WQ,8,512,52,6,512,f6f428baca66fc8aa223e265fe167e8f3e66b33ee52ee27c5cfacd6988b6cffb,8fda12a3276f553c32781879a2907020a1b95b120a4008c5d047ee9404635781,2.1993472576141357,-0.005635976791381836,0.0010701706632971764
WQ8,WQ,8,512,53,98,512,612685c9a843162b260eb1a39ea04835df7f4205fda89d2ee9029057956c4a2c,577b2892864b4039ebacae0fd392d9f9265698e6e2c31b00c3020887b5487ac1,3.079029083251953,-0.003648996353149414,0.0011335016461089253
WQ8,WQ,8,512,54,62,512,407e23a40d3b79a8ef1ed65739952a2967c01fb71f5ae80eca89f950966070c5,c87c89b138f647b50ea3517602b97c2017b3e81b8eb3f64e4fe71550705510ec,3.2675247192382812,-0.0061016082763671875,0.0009298337972722948
WQ8,WQ,8,512,55,106,512,476847f11f8a83faeb4e3bb899f53f96dc04ee45ec360473b86b6fef85c520ec,c2e2d40d2e76ab39489312b4815e565bf71bded2423c32063665c90306b8b484,2.654029607772827,0.0029871463775634766,0.0008684445638209581
WQ8,WQ,8,512,56,48,512,683524ce59e2c3b9a90e4b6f80a2dc506837423066ee0069e0e9bd3a031cfcd3,c83d0c1969861d1c14c26919385156d653da6b82fe574ec002a483eb773a1a37,2.615061044692993,-0.00527501106262207,0.0009581311023794115
WQ8,WQ,8,512,57,57,512,d188307729885676d91094312beea8f9c6bdfe7b46d34ce19d3176b30f8d6721,8c56774c0912494f5718c16f24cadd18817d67ca61765ac7717e2f381efc69b1,2.5128531455993652,0.0003285408020019531,0.0016564594116061926
WQ8,WQ,8,512,58,89,512,7d37ebde45fe5a1327f7415b722a2152ba19239541b5b86171ad09110b88126b,583d6f94ff03af842635d512bee8f43a5e4536c5cd7db354fc202265110672f9,3.4200398921966553,-0.005440473556518555,0.0013348174979910254
WQ8,WQ,8,512,59,85,512,f787ea5a78872e8cac0aacadf2135dc6f7970768214b8a724acb5141af243601,65bb6d6a06285ce23477dcd5ab9e9eb0cbc60019a59f3b7448f7618685b1fdd0,2.7657601833343506,-0.006113290786743164,0.0011485370341688395
WQ8,WQ,8,512,60,103,512,d68e8446d1f26fb4d13d7a806b96bea17f0630142bad0e74001b06c29ca2bd92,c2b4715ef6abbb41a35e1350e447684bb0d0dbd57d2fb9d9a3e6b9b7240d0a98,2.8956751823425293,-0.0058863162994384766,0.0012261366937309504
WQ8,WQ,8,512,61,75,512,ca5268e69cb922f0dc43cf2131274a5f43fb65f8bcbbac618b4a43e9b99b0a85,2e8b2d3f0426eba924b4a98379eb92d2e64dc03bc9ecf594495fb9bef1510012,2.5650365352630615,0.000978231430053711,0.000913016265258193
WQ8,WQ,8,512,62,51,512,5b3a8d8d253edbd82b4e45c124e433b1f329522e7a41a910b62fc2e161722a08,eadf4728fbc642b26417a5d55a5b564a5ac77fb435a5a9b5e3b6c4c4c620f114,3.226492404937744,-0.004889488220214844,0.001010632375255227
WQ8,WQ,8,512,63,43,512,02aee5e343d97256d44fe0eb9c3f77668c53371f95c184e97dd53a610d530752,a10032c97181f82d2cdc3b9207991e6fae9b82c6ed45b476bbe0ea5cf36aab8e,3.778789520263672,0.00182342529296875,0.001049877842888236
WQ8,WQ,8,2048,0,68,2048,7fa3218d5c0877a221d93c331014b13f9b0269f66ee885045391d7f6925bc18b,8ef5a58d30706108e4424bc7fd5ead54afe73dcf5205e88fd588fe5e14ce67ba,2.4738268852233887,-0.00391077995300293,0.001128906849771738
WQ8,WQ,8,2048,1,100,2048,727c409a44db036aaf99d9825120b8c5475979820ff1880281ca6700d93e997c,790974994d1df4ee2511c0a11d2a4b63b3f94cbc857670ebc32bd86a120c13c3,2.453936815261841,0.0006911754608154297,0.0009543224005028605
WQ8,WQ,8,2048,2,76,2048,de5839302a1f8be2c62c604f2a574a4e959bf6b8903e83a6528c3e8615c4c71b,c10726a949d67a001e8537b229d682cb6f430e75a3868ab2eae32d9da26409f9,2.5167057514190674,-0.0004551410675048828,0.0008822192903608084
WQ8,WQ,8,2048,3,140,2048,5b5fbf9ed2f90d3b56310892d916c60c1590342ea5efacb9055505dca880067b,d5207eb0c712b5e67966701a30db2e91852ae6e21ce9c45201858637c2f46300,3.065817356109619,-0.0011525154113769531,0.0010209737811237574
WQ8,WQ,8,2048,4,44,2048,e83fe1126ef11362ca2c510be3b9d801a80d2ba95739f3b5bfdc1c5bdc635f58,d74147700327ce101764c03fed40a4e9745f79d073ec2b8c2585e025a259eb33,3.1238903999328613,-0.0019609928131103516,0.0010266468161717057
WQ8,WQ,8,2048,5,20,2048,7297e92a528f854e162bf26846df4827597b3fef35dc0f8f0d160c27e12b82c3,3692af9e0a10e0563d9321971b56df001f57667c95cf35add673d55ed7e23fa7,2.5107247829437256,-0.0019233226776123047,0.0009795622900128365
WQ8,WQ,8,2048,6,63,2048,8d664704323e367f28e3fd14b1876e6e79b849e0a92a52cb7ab13e1f007648bd,010e9d87cbe94cd96a9c80e5a3acdb481237f902e2804ea887c5699d00f93f28,3.253081798553467,0.00048089027404785156,0.0010371576063334942
WQ8,WQ,8,2048,7,37,2048,43eb711a5f90c2da86caadb1f57a6d78e33dd772ea669a188885cf29a856c8a9,e94543186b5037fa285edb016058de7c6a1c24f0ec5d2694716bbc221f735ca8,2.0535972118377686,0.002739429473876953,0.000883796252310276
WQ8,WQ,8,2048,8,142,2048,60f0636d47d2144bac213771617e6d26b641c621ca5598aa6f94d92f168e4440,961aeef219281deb3487d874ef56d4a1feeb09133cbb127c516026756b7d403d,2.808098793029785,-0.002418041229248047,0.0010518981143832207
WQ8,WQ,8,2048,9,54,2048,f2d06d6fadbb94a6b9673c03f34c5702bc62868f6af9464c5fafaf71bb3a7452,f825257be6a05712af7879420152d60daed2ff0ae2a63a9fc03ed9511493c1f2,2.211660146713257,-0.005080223083496094,0.0015810480108484626
WQ8,WQ,8,2048,10,64,2048,309614f012e5fce8093ce5bd71979c6769344662aea1ad23a758d80708177086,5a689a9bb73117e9c73743ba89fbb373d253f702ca903217581c61da3020d81a,2.4048526287078857,0.0007145404815673828,0.001069451216608286
WQ8,WQ,8,2048,11,82,2048,86b2e0be9829fa6afb50279461e5110faf95d29913a0b230fb6cf8d31281b03a,6e77798e36b094b40ae44b70ba876c18c99fcacb76db84d01723e016f28d9933,2.1573479175567627,-0.0020296573638916016,0.0009163045906461775
WQ8,WQ,8,2048,12,125,2048,0316e0ba92bc822a1de2775956f65f0c449bd8c94ec709d81a23aad83fd15618,214473bd123f552092a6e64a2a3621184d456c2f0d32d3655533ba4c0f6adfda,2.803006410598755,0.0020651817321777344,0.001017003902234137
WQ8,WQ,8,2048,13,25,2048,fb26dda67f40a157e5ce636f903062716d27e87ec6b75b77ae16773d4868ab89,b8c27a347ba7cd7ec1011c72802452816fdd20b467d1acf46668b8b7a5a2289e,2.762573480606079,-0.002945423126220703,0.0009697293280623853
WQ8,WQ,8,2048,14,87,2048,d26d8831d4c6979689eccc963c941dacc2bb0f37fcc3467d1cef84078b6e23b3,0e26ddd8753ff529d3768c603e1b0a8ad9517c33a7e2bc26e322019bc3e7508b,2.508310079574585,-0.0025200843811035156,0.0011880816891789436
WQ8,WQ,8,2048,15,18,2048,2ad8fea8eaecfc4553fbe62df1d5188f2ba449614bb15e7d1b2abbf345a06b25,94b444d9a3f586aa986876eb813ff24e32e2c4a560e2e6f9dece8e2df242a679,2.4723243713378906,-0.0007004737854003906,0.000947446736972779
WQ8,WQ,8,2048,16,141,2048,b7ab366b5b5a4f68aee22bbff6cfe4218a75efcc7c1b2ad2456e37b059101498,2be48fd263dbe7cefc17f7bdc88170c66cc1f4be1d216141a7a3ff6912f00b41,2.6700429916381836,0.0021371841430664062,0.0010291046928614378
WQ8,WQ,8,2048,17,130,2048,b62d53caadce94fd5ba6fa7cdfa65ed44699a81a82dca75cc95417b342a3c51e,a963b5699afebb47190fd1b00e793b97d22f8bde30db62ff5205aacff596f9ec,2.57807993888855,0.0015790462493896484,0.001005057361908257
WQ8,WQ,8,2048,18,133,2048,5797ba35b7ce0b63444139260cd65066076e06aa4b806b1d02e0c8a2b0102414,5a168b747e18c2198035a699c6733e1d2599eec07a962204e9fddc525219ed30,2.5212838649749756,-0.0003917217254638672,0.000992744229733944
WQ8,WQ,8,2048,19,33,2048,d20445cc193883501468e35adfada5878439f438af3dc6844777523111576558,6954d31dd34b120c9ab2b7833f74bd5922bc512f883bc47d94195e8780302755,2.4922373294830322,-0.0012652873992919922,0.0009578081080690026
WQ8,WQ,8,2048,20,102,2048,57841b4586f83294fc5729b94566df9615b3b04974af798add7ae75c8b79f2d3,7724d043965d6163663a8328c72325922ec1f831eca6cf0624850025699e60d6,2.81410551071167,-0.002425670623779297,0.001041616778820753
WQ8,WQ,8,2048,21,132,2048,ebe7817d56ad234df4deb7efb8e4a5fca5774e1b3cabc1dd0a0335618ec4961a,a959ae63e8fd1d94df13ae7ce75516b73ed0f39f5cae77994704057859fdec5f,2.505643129348755,-0.0004565715789794922,0.0009532672702334821
WQ8,WQ,8,2048,22,83,2048,0ff04edd0674d3d12caf3774f80e9155f7181b923be2ecc75eb6f9e9be756f41,618e93f2e58f4c7f136a5d1febacad4143402137b30c052b99b7179f437b5ebe,2.173417329788208,0.00148773193359375,0.0008228498627431691
WQ8,WQ,8,2048,23,101,2048,810951661c56ef3c1b9b659222ae0bca609f1c07f8036b9e327293da15f371aa,bc0baafb97b97d691efb2a5ec641656058353eb19aef6689403796499044ce4d,2.6001644134521484,-0.0005259513854980469,0.0010749171487987041
WQ8,WQ,8,2048,24,7,2048,41e06daa2a7e37533d6fffcf2661e9e0e6bdd80a8f8d18e54bc9be26a76a054a,7e99d981947b5f318bb42da217df580bdce04d5dc13ce96e8c17a147efa7463b,2.3930344581604004,0.0016713142395019531,0.0010062478249892592
WQ8,WQ,8,2048,25,21,2048,df7e33adad9e3ede3627d728d75a1108c18befe55c36441fbfb7c356ccec116b,4f6cad4813e36d69870a7b3002cb9b847600d8e78d5f8332bc9615891ec28902,2.879910469055176,-0.0008096694946289062,0.000990940839983523
WQ8,WQ,8,2048,26,74,2048,7cd1b0efcf370504101019d10b314309f11a37f0ead924f09da71f83a5c2c8d2,e5074e0575902b83a57eddcd2bc2ad2ad046a127acd8c395de488bf5a4166564,2.6474061012268066,-0.00043582916259765625,0.0012016566470265388
WQ8,WQ,8,2048,27,97,2048,44b7b8544c5d1e2aa738d3bae9e35d03e35daafcf87431dfe3e5a2b3d77f89a0,e344c2edb60abad53141095e4f04ef9e8e97c76c5d09b77882cd28f45fdd897a,3.035195827484131,-0.00024366378784179688,0.00441982364282012
WQ8,WQ,8,2048,28,93,2048,6eb56b8c416e857cc5bf5fffd1f31290a1b6b0d2ff1bc8a9b2f795ad6bffb602,1ca4b4b8f82c674774e1774730ba65bf017f8323e1452aebea426356f148c460,2.9934253692626953,-0.001847982406616211,0.0009623258956708014
WQ8,WQ,8,2048,29,45,2048,7907c4635e56710fea650a063d9df965f67dd0b53d4c180d3ce2eb5b79629e1c,e97f332366fcfa6a6614e78e696d91d8f8399eea6e198cb2de1f410d5e33dd20,2.9544920921325684,0.004654407501220703,0.001117673353292048
WQ8,WQ,8,2048,30,38,2048,2aa9ba64e24973c9ea5870ab2b2addab92242167cd079c50d5a2768033bc7fa7,c316e7dc6a4bb8b433c5c0dfce05834ba4915f0b6a5ca205ab105146837c8b39,2.1544132232666016,-0.002978801727294922,0.001000577467493713
WQ8,WQ,8,2048,31,115,2048,c1c45b89c803ab3ea9d5d8dfd237bfa4208784fb2750e3776a8a9b49fc4abef1,533a47d55446fcf666704ba8ed23852f8e4a1d41e5f806f050c597a7f8c50c7b,2.767432451248169,-0.00019240379333496094,0.0009552377159707248
WQ8,WQ,8,2048,32,8,2048,07e7acf1c60a54d81f6df25c939b3b21ed695fd2fb59caed81916f0c4f707356,bdeb930a4207b8ff5ff249d0f3ee6fcde3dc58085c4bbde6b433293cf0a61273,2.620711326599121,-0.002601146697998047,0.0010897392639890313
WQ8,WQ,8,2048,33,116,2048,f959970dde811e8c8e5d861c0903e42b89f09c24b19135c8152fa01642bb81a2,0685a518770b23c4d3f80b498a001c334920e67e44d40a9150eda130137865b9,2.9276280403137207,0.00196075439453125,0.0009848910849541426
WQ8,WQ,8,2048,34,72,2048,f2c268e2e4089895cc36a0409f7f1f891887db3508bf22e9148a4b702f12a668,b0b619b31d20f2c29dbb766b917dbd86b8a50afb135e168b3734540ca9c9fb35,2.981214761734009,-0.0013992786407470703,0.0016390947857871652
WQ8,WQ,8,2048,35,120,2048,2a6a0c3843fb9876d3c15da81a5d7793ae4ef5a612471f58c6eee2b6bda5a500,780f6a0375f372d30edcd4c5a61f1bc4544aa4fc1b334e7f43aaa46236482054,2.7762951850891113,-0.003418445587158203,0.0010122532257810235
WQ8,WQ,8,2048,36,49,2048,bbf015dc98d089a483ee657bb417b2f8df90908e49032f9ef4f09bfa44a6802a,18c916d13b82b14e38589a1d0c4835e4df2bb26eefb4bb07ccf03ef0be081bab,2.4581172466278076,-0.0009243488311767578,0.000977525138296187
WQ8,WQ,8,2048,37,50,2048,4db36b854aa496a979993dae42abfa30d51669c4089495df01169bfd82246d33,351074286b5a34fa8adf99e04d3644cc163def76a9aae628478b069e5a32f044,2.8288252353668213,-0.0005154609680175781,0.0009336186922155321
WQ8,WQ,8,2048,38,88,2048,6f66de84b84ada174908af403445d9b255009b390102e9dc9760b816611b66dd,49a7c93f0f2af5f780fffea7064d9d241e2509dced42c3abbd32a56e492ce2aa,2.748122453689575,-0.002061128616333008,0.0010553867323324084
WQ8,WQ,8,2048,39,86,2048,f61d15167f8d4133ea214c6666aea81a11ca189ca4a51df3d7df4a9f32dbfc41,c5e210333fdce11cf0ffc53cbd016048c41ba65eea40da1ebf27e6289a545d74,2.4146735668182373,-0.0007035732269287109,0.0009867219487205148
WQ8,WQ,8,2048,40,69,2048,ecb1483dc2e18caffacf41f5e510aeeee70b01740c46e4d338fbff394cfa1e65,79231f9fedce47c9c1feb74a08316a3b500170a537fc2f2351a8f8a721821c13,2.640284776687622,-0.002860546112060547,0.001121958950534463
WQ8,WQ,8,2048,41,96,2048,60c27b336ed6a8c18fcde80ee352f70080acee19cc854da8827c632921b61b5e,8c3e5ff1d60b7548fcd1a4f8c417514060ed9b659b7a5a575c14ef1925104cfd,2.9002740383148193,-0.005944013595581055,0.0011000923113897443
WQ8,WQ,8,2048,42,111,2048,054544cd89aed87b240dcb8f3350fd75fa66f9e7b310fa040ad62159998db107,13a648594c238852dd1b3abf875dd8bf4a1978c053d642bddd1692473a3e7152,2.3879599571228027,0.0002377033233642578,0.0009231801377609372
WQ8,WQ,8,2048,43,104,2048,194b0036f6eed8ac0679b3de5ab18e204fa3e36fe5703a2f511e81d630aaf9a3,064c0b4ec4484b608e9ebe64d56ee52bae7dec939a75c427cf6d456609ede927,2.757946014404297,0.0018572807312011719,0.0010104612447321415
WQ8,WQ,8,2048,44,134,2048,6623021a970793613e7d29b9cfdb580ba70f8beeadf6f8022203685ee0d04d09,35a8240aced5f3342922bc29b4c3a0f2797fc85b5a25fdda70f322c4a98d814a,2.9814789295196533,0.0016605854034423828,0.0009169163531623781
WQ8,WQ,8,2048,45,67,2048,5b7435eb8294094e094a8a5701b004aef2f50a4d5ff8da62df0d653d0d147c91,9f3d068bd2e1e4d34eb11f4d46868290394a0457735daae194d9535eeb8749f6,2.4686665534973145,-0.0028693675994873047,0.0010596754727885127
WQ8,WQ,8,2048,46,52,2048,c42df66f179fec4bed6bc6ea75bb298576f34b33edb5192c11fbecd6ee5e2dbf,8efaca47c011af5cc3dbcc9976937b2db472b6883165a4b61b1c6d482177dd2e,2.3909378051757812,0.0008044242858886719,0.00130363367497921
WQ8,WQ,8,2048,47,123,2048,2b2bc4354b0f7c5298df20248b65999583dc40b7b5d8913860b58d4f31a67d71,92ec347e73f2c28e990fe2c167de0f568f58956826ad0a2ae3285dff6b3f6549,2.2719979286193848,-0.0019054412841796875,0.0008860653033480048
WQ8,WQ,8,2048,48,10,2048,b75ad37e7d25a7dc1e7d9e7e93724b6215417732940da4816877f2402295aa1b,6b09c3f673f36dba501cbeb6fdaae7f5829b08b1355f8db9c3c876f6379e35f8,2.6542043685913086,-0.001550436019897461,0.0010252115316689014
WQ8,WQ,8,2048,49,59,2048,795245b19899ac5ff529bac36cee69fad97689199431ad73acbed17d3dd720c0,d71ce66ffdcabc51b81db45c39f52e1e86cf9f8fe0444582f1fe9f503c045052,2.275505542755127,-0.0010809898376464844,0.000989252352155745
WQ8,WQ,8,2048,50,90,2048,3eb8eb91c811f87efaeebe3e66e4f3897e5654c9e36a9d97d28cc38f7eaf90cf,30805a0e8a337cc57db7f2c0b50be3bcdf3272a1346162ff31b1ad6889f9fc52,2.8436686992645264,-0.0020780563354492188,0.0009948739316314459
WQ8,WQ,8,2048,51,12,2048,3924e212376afcce822167775e4b7f6df72bd9d7a50dbd64e80a7c03b1f66fbc,37708bd58546c27bdb9cae546b81e57dc5a2eb6d47df5a0378d7042c4fd7d517,2.5511648654937744,-0.0008778572082519531,0.0011383630335330963
WQ8,WQ,8,2048,52,6,2048,c28653fc6962ad492ec2f12b1c4a8beb9b3c7bbb0e43bfde89118454817b1911,99d2ff942dee6e18b7310f08e0dd1b3be52ac486659065f315ab42c860f22c22,1.7741204500198364,0.0028618574142456055,0.0009780960390344262
WQ8,WQ,8,2048,53,98,2048,0261aee3ed953c97e4fb48910abf3791263f66ad55b9be4416d9fd65ab27ce53,8872cb58f2aa79bd2ac93fd12e7e93ece1e8d62f75e2fe6f9f5893b715a119f8,2.7639570236206055,-0.003519296646118164,0.001059401431120932
WQ8,WQ,8,2048,54,62,2048,393e78b9d9b51099691e9c74ab844641e556e1535efa0e4137f7df16f6818990,38a27596f5954c7e8e4657b0f7dc66de70bbdc8b52b646f83742fb167a054de9,2.847926378250122,-0.003804922103881836,0.0009361374541185796
WQ8,WQ,8,2048,55,106,2048,b1f856d8e8c275e63f8a8288f5c8764488e7b3b158bcf40e8c2469cac18b1e6f,2c627def35cfa18f2ff5ab126f7c551da612364c88c94ca4778d21575f2d8793,2.7749147415161133,0.0002918243408203125,0.0009798677638173103
WQ8,WQ,8,2048,56,48,2048,111e846c1afc51b385724b25cae254b8fa61a0f8e149f7314fdd2755acadefea,9c6bcd41850d9733d86da30d8d6afa6340b6e9a1991c63775d86720057114be2,2.8038861751556396,0.0005176067352294922,0.000984962796792388
WQ8,WQ,8,2048,57,57,2048,d96ff1c537de5b06937f53c52ab2118bbd5ffbbad5f65869e80aefc960096fa9,0533da760b7430289edcb0ecc4a5aba86300b061c241ea3a61a9a96321b53322,2.003577470779419,-0.0041332244873046875,0.0010895839659497142
WQ8,WQ,8,2048,58,89,2048,d1c1922e23951e32a5e86cbcef1277adfd4dc526531597871b17c992328ae3e2,3923c7bc803d17e21ed437c3f884591a3588622249807a36291c1f64acb51462,2.7685978412628174,-0.0013844966888427734,0.0012206056853756309
WQ8,WQ,8,2048,59,85,2048,7a73577bcda1b69b229dffce519dcda80cdac6bf9b9ad5ae1fb4b14b72e68f5e,c018fdc598792ea0693ad2bbe112fa4244d58227c28c329804b8c6711091f300,2.4921133518218994,2.5510787963867188e-05,0.0009747282019816339
WQ8,WQ,8,2048,60,103,2048,012cc3d5a10bf9cf1283c429a3a0b4aac838a72e6ffc3199aebd05ab0544d2f8,411a89e73bb96f8e952c1fb17ae271fbbe727130554d2487fd271a065a06173b,2.5759971141815186,0.00011181831359863281,0.000986252911388874
WQ8,WQ,8,2048,61,75,2048,9efbf84514b0fea9bb09d35d2dab9bd35ee4ee605bf6d81e21644e0d1f5b9042,9c472be30a0fccbaf0328a5d699042a37a297300c41334ada29ad935df57fe2e,2.5631988048553467,0.0017468929290771484,0.0009254277101717889
WQ8,WQ,8,2048,62,51,2048,d5e97c1df65c6b9fdc4bb3d7ed0fb43e9f6a51caf6d1f9c3c10d12391920ad93,826d4c2394fab556d93fc50aa12353ee5c1b8ba340cc2b5d90a4dfe6230a1d6a,2.4487144947052,-0.004499912261962891,0.0009460195433348417
WQ8,WQ,8,2048,63,43,2048,696893d293ec00b6be32eb5fe72ef425b858014926f21e7427d652154ec51c69,23a5e80c7e804a71baa38866b1723d47ec9104973a14945bd678e436c315cb3f,3.321850538253784,0.0019092559814453125,0.001249415217898786
WQ4,WQ,4,512,0,68,512,ae16cd2f87fc656abc0929021075a3b9ed61f3e88b34184754e7dbebd76ec193,08256215c109e87d3a72dfa0489d9857afb1e4c873b20a9855050de5b59437da,2.791806221008301,0.014893770217895508,0.03160659223794937
WQ4,WQ,4,512,1,100,512,3b744cfa8d587e08d920606f255dd1689ab24c6276571e94ed0b74be1d01de43,25713b5578546ce636ce43536d8158b6f6a73a191cc66a03ed5b11784e21cc6e,3.0708632469177246,0.014077186584472656,0.019704198464751244
WQ4,WQ,4,512,2,76,512,218ba9a35776a953f13e4b544faf23f37bab2530c1aa178ce5a18da6c78482be,7d3c80f663038307dc13a0f815e3778b452a435ba7d496806dbdf330ceac3ee0,2.8570401668548584,0.014903783798217773,0.012217320501804352
WQ4,WQ,4,512,3,140,512,99ad214b32ceb627ad7dcd26e7c4b968490d2921509ce77b169fa235b400825c,7671c21d03fc9a4d83c7f723cfcf939130c01a6c7b3ec7823dc31d6e7263d943,2.991598129272461,0.022796154022216797,0.013811924494802952
WQ4,WQ,4,512,4,44,512,bfa95e7ec878842678803ae23d2a234a823eec1ccce4b61c63bedfe94615385d,c456c6ec69e7331b0b7c013a7377a60f693e7e74eac82c3aaa340066e042521b,3.981069564819336,0.1111598014831543,0.019383644685149193
WQ4,WQ,4,512,5,20,512,0df6561709ae94fbe1d725835527b1025919ec0d4988ff7390e6b4617d148a0d,c1783a1aecf214b8e69bb00cdb61ea0e1823f8dc33e50cc8bd98e00de72b6314,2.231694459915161,0.035529375076293945,0.01237042248249054
WQ4,WQ,4,512,6,63,512,cb419afdeacc3f41a32badc0ebb2d0c499e6e00d780641ce39716478df0a20e5,861412028ae1bd379cc93139160cd0d9e6758e84f6347e077159c88cd83c7061,3.740891456604004,0.05292558670043945,0.019452489912509918
WQ4,WQ,4,512,7,37,512,b8ac611453ddedc7866701f4724f89e267e033102f94cf1edc0fcef046767649,0ab46fccff21d8f4768f9458aac7ecca09d52c8a0f59b5124e1bb1c281128eb8,2.436004638671875,-0.018783092498779297,0.025339245796203613
WQ4,WQ,4,512,8,142,512,3b878cc815eb2fd63fd166af88f34400e0044851af5f0199430452887354c73b,c6fc77e555e59488c7bf941f5fe2ddf1203ec29adba7ea64e262b9c61c8b3c04,2.7349812984466553,0.016055583953857422,0.018431546166539192
WQ4,WQ,4,512,9,54,512,c86b7db60afbc145d9762cf4ed3e9d4a646ab6beb6888ab76dfea844037ee385,d4e2357b45c895a3837df5ed504ec9c958364adcd1982e5bfdda624264699066,2.895878791809082,0.0493474006652832,0.017514394596219063
WQ4,WQ,4,512,10,64,512,beaec156fbaa2cc61d2299fa20f7f0d8a42d1931fb6ef189b1b57fd78698a8bc,d7a22ad9f4026fab50e53fc63eb8fa8ff3164267a997dcdc6f31facd73d14233,3.188333511352539,0.010338068008422852,0.01671072654426098
WQ4,WQ,4,512,11,82,512,a87dcf72965b9fd725594e983ccccafbff1f57504062f003d18769489fd7ea8e,3751210f5da4d56983a9edb710506df1239958a2a8a36654f223f62d48233904,2.5758728981018066,0.015071630477905273,0.01522742584347725
WQ4,WQ,4,512,12,125,512,ed4bc71e91b94bde605bf581c65860792a6c1e2992d889ac41c403096d155785,f67585beb4a8cdd5b8b31e251d29a7e09279f0d0a355c4d8cd90b11071355aa5,2.579803705215454,0.02706146240234375,0.015465236268937588
WQ4,WQ,4,512,13,25,512,d6aab0a496126054e48aa051bf1bb7ff85c1707e459a1405e9fb5871a99c9d77,d24849b4be0d0b0eac3ec00e9c4cdcaf714bcd92b314cb0e6412431aae68e06f,3.27126407623291,0.015198230743408203,0.014038149267435074
WQ4,WQ,4,512,14,87,512,9b1a4ade0323a3a637607e28dde6a773faa87580f3f967d3d27f581731d262eb,b978b20d5267d054cb5a6cc8bc87d71330d70eb7eaf4011398577fbb4186bc25,2.6369705200195312,-0.008991718292236328,0.01779622957110405
WQ4,WQ,4,512,15,18,512,19175ed1e88a1723548455982303dbb668ffa2879119aa2536679baedce70e1c,4b5642cb01e3c7fab6f171b7b5fe3e2093e064b0697dc0f6461b3cf96fee3666,2.87951397895813,0.026267290115356445,0.01297456119209528
WQ4,WQ,4,512,16,141,512,b1bb9ebc0420c60b2de6eb3d1b3dd33639e5e974c3e029df21b8de723d0050d2,c6529ade056fa5ad590f3d7b67bb5914d000d1949d0f03f6acb8286d6fee9fce,3.439802646636963,0.04011845588684082,0.01830122619867325
WQ4,WQ,4,512,17,130,512,1fdab8c48d099f86ec6048f89b43db1273768c11d43cdfdb2b102316b0c90378,644effaed3d64c5d78d31ef525516b354c50545a832d818930a38404ac3a3b9f,3.0547595024108887,0.0032377243041992188,0.015871930867433548
WQ4,WQ,4,512,18,133,512,ce122db72e7ef3172517f7508e60b074cd0e48cffbbbbf5a6eaa07cbd36c0399,efcf13a92162dcbac73615cd17a4055c5bc6ebbaae804ac0fa7b8ea911b0bde8,2.660956621170044,0.03825092315673828,0.021507278084754944
WQ4,WQ,4,512,19,33,512,dd3128a9ef793ddf9e9f294319a2b360cc15446ad5ad5e768d58375ac46f57d8,d1f96770ba4fff5f404d930d614910a50ffcf629145ab0c3a9be3a7d0d4a6a29,2.7745978832244873,0.049722909927368164,0.03193451091647148
WQ4,WQ,4,512,20,102,512,5d859c5643c83feb10bbd789bd43b3d785eea3ba0e317a8dc4339205b49030a4,8d749c41e642f93c2c9e23b7c36b1a260110d08663e0709af65afb8be9818be7,2.9301960468292236,0.0434572696685791,0.01829114556312561
WQ4,WQ,4,512,21,132,512,6301047c5e01b65f720a5df7598b0193b9a616788d3ebceea7c8ea3c557a6319,2a793c11483275658f9fcc85b3f70bf1ca9ccedf8d784f93673fdb70248d6262,2.7702407836914062,0.018876075744628906,0.015840008854866028
WQ4,WQ,4,512,22,83,512,4a19f00faec7f7a4366c30d505fb475f2a7f192ab0d555bb147f7a479899ea97,0f5e77072631e58c2319b5180446366f7a46833c2eec564de75ece6a1d4ffea2,2.7441346645355225,0.014185190200805664,0.014183064922690392
WQ4,WQ,4,512,23,101,512,98fd1552d1b6b33f61534cdfc6b173db98b9e091d5fa89e3738ff5e20555099f,0df69f0a17acddb90ae66ae6629fc602609bbf5f7a0fe733e5a724d3a9ba21c3,2.5560669898986816,0.056262969970703125,0.020593678578734398
WQ4,WQ,4,512,24,7,512,8628f147d8ba311f3331812340c7a0d3d29f803b14909474fe478fd9e71a860f,6f568a3ea896c63aa3ce960b5e1088c26f8a132354f2cf94c611ea6f3aa7588c,2.6740384101867676,0.03023695945739746,0.01564992591738701
WQ4,WQ,4,512,25,21,512,a49f726c8d23b3d3338f988ce283efd804cb31fd133960f513b494f10c918afa,02356aaa666127b370708a5fc78fee6a48f84ff24e38ee53eb27f546488ef8b8,2.979989767074585,0.04521608352661133,0.014954173937439919
WQ4,WQ,4,512,26,74,512,175163fcdf2b738f5bdba615d91bbec70a2d6766ec75d92cff25a3b5d80029f9,01001a3e575af55b15ff3e3537a932f78439134aebab718d6c2926a840f557a7,3.6020071506500244,0.05904221534729004,0.026875220239162445
WQ4,WQ,4,512,27,97,512,c311158b5fa0b5f1221f9a397a704f66754fc02513d38a6e748451634004f2ee,c5394ba5aae3a0bbd6648757f669dfa515620f554cc0d533962c119fc9c366b8,3.10923433303833,0.03334975242614746,0.01213911548256874
WQ4,WQ,4,512,28,93,512,c9f42896c7c32f34c6db6e60d286b701f94c1ac24ef31c3df64cbc5e777aebd2,445f4169214d04606ee7bd860a76e6d9a5309133f2e4e93b4586385cb304713a,3.153167724609375,0.02779865264892578,0.01934906281530857
WQ4,WQ,4,512,29,45,512,115989fee52a2f958d8a70912f5a0148d025cece056a65329a8b13668f2d3532,5b0284ed5eeb833942eb4fb22120e4cceca24899ebf7abcfaad5d786db45dfb0,2.860264778137207,-0.017181396484375,0.0269524697214365
WQ4,WQ,4,512,30,38,512,c620ca7a880f4f94b50e21893e805bb726552a7c6cfef9e0a503bca0bb5d8678,59d2ece4ff7b18dc6d5a3bf1f6eb330b37bf36780a042e2d3e9f176c2b475f9a,2.494521379470825,0.0211489200592041,0.013174314983189106
WQ4,WQ,4,512,31,115,512,3f912710cbd320f42462b53d3823db0e82ae0e4038739ff5fb53954a3d2a6105,060a582ba59f6c2a8fedfa29cc123c3f656bd49005710c8343a837a5158e95f5,3.040574073791504,0.02092576026916504,0.01541660912334919
WQ4,WQ,4,512,32,8,512,559b45f908701914464a398a4e23cbd2dfb27f0f616685418bbe0774face5a6e,cc8e0595a7e15fbb2080fd8ef63b4b198f7fffafa5b859b90cb0d41bee6a5ad6,2.4628994464874268,0.01833033561706543,0.014859788119792938
WQ4,WQ,4,512,33,116,512,2f78d326cc0a7105fdb2e5a61e47c535a3358d457563c0678ccaad7456bfcaac,8fea6b19518798fc04451d274688a8fa6eb371a5146b3b070a6ebd27d05a0625,3.2116360664367676,0.0316767692565918,0.015606695786118507
WQ4,WQ,4,512,34,72,512,2f7c90082b8e4f35e68e68fbcba1692814d41595bec18578482d5b80505d881a,9dbc4089a84b42672bbb6f9eeaa48cd5e3f7417ad1a907f3000626abedb1d6cd,3.116603136062622,0.007889509201049805,0.019532404839992523
WQ4,WQ,4,512,35,120,512,01e141aa9d676652f27cacf8ab88780d0484540fac271a62f976d214af9149fa,3450ba805db1aa894f32325471fbf9448fc348b352a851c853d3c8844e353145,3.373037338256836,0.04843401908874512,0.025051703676581383
WQ4,WQ,4,512,36,49,512,df7d4f6662a123670bc217259167c9d6c9f828f13bcd2fc5d5edd807a5d68a7c,5347734da6baec6e402c6847a72db52512f43b6a0edcd09ceb1eb3f923a7af0e,2.975407361984253,0.01203298568725586,0.017395077273249626
WQ4,WQ,4,512,37,50,512,1c3bd6c353e6a779185ec2cb40ef64d8c301d5ff264c26db6291eae8572229dd,9dcb403873ab4a96716786b9a28d9a96e76cec3b790a0778616fab8478ad43a9,3.211526393890381,0.08451294898986816,0.03185997158288956
WQ4,WQ,4,512,38,88,512,688111a06788bbd40c7736892676fa3687d1a1c1e1b2a364822dffb60acf1371,ec63481c58c7ee04521cd54e657ab30719e07e01ba379f2b0064eee1ec059448,2.8343214988708496,-0.006073474884033203,0.016967076808214188
WQ4,WQ,4,512,39,86,512,48570697a4dd16a0b55c07054277a4d400361b2e40e120f9bd5a280079991a7f,f017ff30e5905c55f293a04449e1da60521d3043d943b46487158d7c97c078f5,2.9954442977905273,0.001344442367553711,0.018901322036981583
WQ4,WQ,4,512,40,69,512,2d4feeae75c71a033ddef463f9c049033211872b8173cacf8c61b2773b4ea977,d07765c8ad80133cbdaad2c2e6734d6acb3a97df0c86a3316f5f9b6ab2ec897b,2.813278913497925,0.05936431884765625,0.02527669630944729
WQ4,WQ,4,512,41,96,512,b2d66294528c77f2ce5542b63c560b53a019ef3855fc23f22e576e2c24a22af5,711f41b404997593de91e04fcc1f59688e1044f0fa4f719136967525d012500f,4.019427299499512,0.0090789794921875,0.02752526104450226
WQ4,WQ,4,512,42,111,512,14d551e36a925b730c2fc620df4137bc0b3e07e504d9b5cb9fc5cb85d338e368,a1e4ee0bc81044d8d34d034b6006f7b58467d54ec34040550f16978e99753463,2.3809447288513184,0.010849714279174805,0.014721273444592953
WQ4,WQ,4,512,43,104,512,2f973847de2910024e3dd468aef48343ee9914919544804bd2ce7b6274c96536,f5978599316fa5edaba4e3e44a42155b8b3abaf1a0d43ceb78648674621ece02,3.183886766433716,0.03610849380493164,0.017726941034197807
WQ4,WQ,4,512,44,134,512,2140297a06f57efe14c78bd27f691bb449e014e4a75da0d2493d3cd6c8302ee2,74ee99cdf1afd846a2c84b4171b5fc476355866701b2fc98feeb8ddb62344725,3.4017672538757324,0.016702651977539062,0.019417252391576767
WQ4,WQ,4,512,45,67,512,8dfa6ea1f5b51ac3a7421963acad90a2412786c75f0ce258b8fe5cb751fb0ad4,1d3c37901ea0c9f85af4c5918b812300ff2a9b77e4af07c1613a44b2b97afd1b,2.8084774017333984,-0.007452964782714844,0.013705488294363022
WQ4,WQ,4,512,46,52,512,a9975feaf08183a6c92b6780eaa11bfa8b4e009f8719664e0cf61daadee29ca6,67bee3d7b80f8eb2551e7a5b836e4cb00e1d024a9858e758e922b2c4c0454242,2.9989264011383057,0.06426119804382324,0.020005855709314346
WQ4,WQ,4,512,47,123,512,f2f8c6f9fd0d5737ecef01872a27479d40c0128542bcdc2f650aacfa0871228d,1a41da669635ddfdd017a46cc49fb42e02dcdcc79f94f8db4e769b1a8e9dd28d,2.492952823638916,0.04527449607849121,0.014861376956105232
WQ4,WQ,4,512,48,10,512,1110fb9e38dfc961e91bbca80cdbcb7aec9255667d4be62b7d64ad2008086430,5ca63fbb2f66470d41065f1cb002e9a06d16b6336ec72af2dd76c4b09b39c6cb,2.925151824951172,0.008080005645751953,0.016487153246998787
WQ4,WQ,4,512,49,59,512,2ffb864d7680fe2f03e9c96a8ca13a1dcd9201d972b58055cdf1c54c016b3869,2a9d55bf974b6c85a74990d4db11f6f84941cdbd5670a5a770cf2dab7d82615f,2.6923484802246094,0.022243738174438477,0.014580205082893372
WQ4,WQ,4,512,50,90,512,565645b7de1588ccca175836fbe0a3445769209c98d06526c129fb453a20df82,ad1fd58631acbdc8259bf9f683638e317ea451b3ad19c0dacc669cb05c5aaede,2.8871231079101562,0.009409189224243164,0.01396150141954422
WQ4,WQ,4,512,51,12,512,47020c49aa9953b482fafbade3c350c281f1d37768dfd620ed4ed22215dffc21,a8a469a68d7b569db199606d9811dbb31b560edf39ff7ac7743bfa1dd2422dae,2.7337136268615723,0.0392460823059082,0.015132591128349304
WQ4,WQ,4,512,52,6,512,f6f428baca66fc8aa223e265fe167e8f3e66b33ee52ee27c5cfacd6988b6cffb,8fda12a3276f553c32781879a2907020a1b95b120a4008c5d047ee9404635781,2.232102155685425,0.027118921279907227,0.0248191449791193
WQ4,WQ,4,512,53,98,512,612685c9a843162b260eb1a39ea04835df7f4205fda89d2ee9029057956c4a2c,577b2892864b4039ebacae0fd392d9f9265698e6e2c31b00c3020887b5487ac1,3.121560573577881,0.03888249397277832,0.02662084251642227
WQ4,WQ,4,512,54,62,512,407e23a40d3b79a8ef1ed65739952a2967c01fb71f5ae80eca89f950966070c5,c87c89b138f647b50ea3517602b97c2017b3e81b8eb3f64e4fe71550705510ec,3.2804973125457764,0.00687098503112793,0.014763783663511276
WQ4,WQ,4,512,55,106,512,476847f11f8a83faeb4e3bb899f53f96dc04ee45ec360473b86b6fef85c520ec,c2e2d40d2e76ab39489312b4815e565bf71bded2423c32063665c90306b8b484,2.675630569458008,0.02458810806274414,0.011173013597726822
WQ4,WQ,4,512,56,48,512,683524ce59e2c3b9a90e4b6f80a2dc506837423066ee0069e0e9bd3a031cfcd3,c83d0c1969861d1c14c26919385156d653da6b82fe574ec002a483eb773a1a37,2.636301279067993,0.01596522331237793,0.0386897549033165
WQ4,WQ,4,512,57,57,512,d188307729885676d91094312beea8f9c6bdfe7b46d34ce19d3176b30f8d6721,8c56774c0912494f5718c16f24cadd18817d67ca61765ac7717e2f381efc69b1,2.5300345420837402,0.017509937286376953,0.014495471492409706
WQ4,WQ,4,512,58,89,512,7d37ebde45fe5a1327f7415b722a2152ba19239541b5b86171ad09110b88126b,583d6f94ff03af842635d512bee8f43a5e4536c5cd7db354fc202265110672f9,3.497314453125,0.07183408737182617,0.02210269123315811
WQ4,WQ,4,512,59,85,512,f787ea5a78872e8cac0aacadf2135dc6f7970768214b8a724acb5141af243601,65bb6d6a06285ce23477dcd5ab9e9eb0cbc60019a59f3b7448f7618685b1fdd0,2.829388380050659,0.05751490592956543,0.019924137741327286
WQ4,WQ,4,512,60,103,512,d68e8446d1f26fb4d13d7a806b96bea17f0630142bad0e74001b06c29ca2bd92,c2b4715ef6abbb41a35e1350e447684bb0d0dbd57d2fb9d9a3e6b9b7240d0a98,2.9441757202148438,0.04261422157287598,0.01750173047184944
WQ4,WQ,4,512,61,75,512,ca5268e69cb922f0dc43cf2131274a5f43fb65f8bcbbac618b4a43e9b99b0a85,2e8b2d3f0426eba924b4a98379eb92d2e64dc03bc9ecf594495fb9bef1510012,2.610670328140259,0.04661202430725098,0.014804708771407604
WQ4,WQ,4,512,62,51,512,5b3a8d8d253edbd82b4e45c124e433b1f329522e7a41a910b62fc2e161722a08,eadf4728fbc642b26417a5d55a5b564a5ac77fb435a5a9b5e3b6c4c4c620f114,3.246765613555908,0.015383720397949219,0.014686524868011475
WQ4,WQ,4,512,63,43,512,02aee5e343d97256d44fe0eb9c3f77668c53371f95c184e97dd53a610d530752,a10032c97181f82d2cdc3b9207991e6fae9b82c6ed45b476bbe0ea5cf36aab8e,3.8350272178649902,0.05806112289428711,0.018802745267748833
WQ4,WQ,4,2048,0,68,2048,7fa3218d5c0877a221d93c331014b13f9b0269f66ee885045391d7f6925bc18b,8ef5a58d30706108e4424bc7fd5ead54afe73dcf5205e88fd588fe5e14ce67ba,2.508615493774414,0.03087782859802246,0.021800504997372627
WQ4,WQ,4,2048,1,100,2048,727c409a44db036aaf99d9825120b8c5475979820ff1880281ca6700d93e997c,790974994d1df4ee2511c0a11d2a4b63b3f94cbc857670ebc32bd86a120c13c3,2.489013671875,0.03576803207397461,0.017772849649190903
WQ4,WQ,4,2048,2,76,2048,de5839302a1f8be2c62c604f2a574a4e959bf6b8903e83a6528c3e8615c4c71b,c10726a949d67a001e8537b229d682cb6f430e75a3868ab2eae32d9da26409f9,2.5360107421875,0.018849849700927734,0.014177536591887474
WQ4,WQ,4,2048,3,140,2048,5b5fbf9ed2f90d3b56310892d916c60c1590342ea5efacb9055505dca880067b,d5207eb0c712b5e67966701a30db2e91852ae6e21ce9c45201858637c2f46300,3.1036300659179688,0.036660194396972656,0.015080530196428299
WQ4,WQ,4,2048,4,44,2048,e83fe1126ef11362ca2c510be3b9d801a80d2ba95739f3b5bfdc1c5bdc635f58,d74147700327ce101764c03fed40a4e9745f79d073ec2b8c2585e025a259eb33,3.1761701107025146,0.05031871795654297,0.01678568124771118
WQ4,WQ,4,2048,5,20,2048,7297e92a528f854e162bf26846df4827597b3fef35dc0f8f0d160c27e12b82c3,3692af9e0a10e0563d9321971b56df001f57667c95cf35add673d55ed7e23fa7,2.552248954772949,0.03960084915161133,0.014645401388406754
WQ4,WQ,4,2048,6,63,2048,8d664704323e367f28e3fd14b1876e6e79b849e0a92a52cb7ab13e1f007648bd,010e9d87cbe94cd96a9c80e5a3acdb481237f902e2804ea887c5699d00f93f28,3.307654619216919,0.0550537109375,0.018906600773334503
WQ4,WQ,4,2048,7,37,2048,43eb711a5f90c2da86caadb1f57a6d78e33dd772ea669a188885cf29a856c8a9,e94543186b5037fa285edb016058de7c6a1c24f0ec5d2694716bbc221f735ca8,2.0721704959869385,0.021312713623046875,0.016760874539613724
WQ4,WQ,4,2048,8,142,2048,60f0636d47d2144bac213771617e6d26b641c621ca5598aa6f94d92f168e4440,961aeef219281deb3487d874ef56d4a1feeb09133cbb127c516026756b7d403d,2.860243320465088,0.04972648620605469,0.01836046390235424
WQ4,WQ,4,2048,9,54,2048,f2d06d6fadbb94a6b9673c03f34c5702bc62868f6af9464c5fafaf71bb3a7452,f825257be6a05712af7879420152d60daed2ff0ae2a63a9fc03ed9511493c1f2,2.2470269203186035,0.030286550521850586,0.01568222977221012
WQ4,WQ,4,2048,10,64,2048,309614f012e5fce8093ce5bd71979c6769344662aea1ad23a758d80708177086,5a689a9bb73117e9c73743ba89fbb373d253f702ca903217581c61da3020d81a,2.4094724655151367,0.005334377288818359,0.015901342034339905
WQ4,WQ,4,2048,11,82,2048,86b2e0be9829fa6afb50279461e5110faf95d29913a0b230fb6cf8d31281b03a,6e77798e36b094b40ae44b70ba876c18c99fcacb76db84d01723e016f28d9933,2.186187744140625,0.026810169219970703,0.014257117174565792
WQ4,WQ,4,2048,12,125,2048,0316e0ba92bc822a1de2775956f65f0c449bd8c94ec709d81a23aad83fd15618,214473bd123f552092a6e64a2a3621184d456c2f0d32d3655533ba4c0f6adfda,2.8492066860198975,0.04826545715332031,0.018216805532574654
WQ4,WQ,4,2048,13,25,2048,fb26dda67f40a157e5ce636f903062716d27e87ec6b75b77ae16773d4868ab89,b8c27a347ba7cd7ec1011c72802452816fdd20b467d1acf46668b8b7a5a2289e,2.7962253093719482,0.030706405639648438,0.017373239621520042
WQ4,WQ,4,2048,14,87,2048,d26d8831d4c6979689eccc963c941dacc2bb0f37fcc3467d1cef84078b6e23b3,0e26ddd8753ff529d3768c603e1b0a8ad9517c33a7e2bc26e322019bc3e7508b,2.5255095958709717,0.014679431915283203,0.0182659849524498
WQ4,WQ,4,2048,15,18,2048,2ad8fea8eaecfc4553fbe62df1d5188f2ba449614bb15e7d1b2abbf345a06b25,94b444d9a3f586aa986876eb813ff24e32e2c4a560e2e6f9dece8e2df242a679,2.490109920501709,0.01708507537841797,0.01252268347889185
WQ4,WQ,4,2048,16,141,2048,b7ab366b5b5a4f68aee22bbff6cfe4218a75efcc7c1b2ad2456e37b059101498,2be48fd263dbe7cefc17f7bdc88170c66cc1f4be1d216141a7a3ff6912f00b41,2.7161083221435547,0.0482025146484375,0.01810383051633835
WQ4,WQ,4,2048,17,130,2048,b62d53caadce94fd5ba6fa7cdfa65ed44699a81a82dca75cc95417b342a3c51e,a963b5699afebb47190fd1b00e793b97d22f8bde30db62ff5205aacff596f9ec,2.6054680347442627,0.02896714210510254,0.023954611271619797
WQ4,WQ,4,2048,18,133,2048,5797ba35b7ce0b63444139260cd65066076e06aa4b806b1d02e0c8a2b0102414,5a168b747e18c2198035a699c6733e1d2599eec07a962204e9fddc525219ed30,2.557413101196289,0.03573751449584961,0.022984381765127182
WQ4,WQ,4,2048,19,33,2048,d20445cc193883501468e35adfada5878439f438af3dc6844777523111576558,6954d31dd34b120c9ab2b7833f74bd5922bc512f883bc47d94195e8780302755,2.526690721511841,0.0331881046295166,0.019425267353653908
WQ4,WQ,4,2048,20,102,2048,57841b4586f83294fc5729b94566df9615b3b04974af798add7ae75c8b79f2d3,7724d043965d6163663a8328c72325922ec1f831eca6cf0624850025699e60d6,2.8577349185943604,0.04120373725891113,0.015264618210494518
WQ4,WQ,4,2048,21,132,2048,ebe7817d56ad234df4deb7efb8e4a5fca5774e1b3cabc1dd0a0335618ec4961a,a959ae63e8fd1d94df13ae7ce75516b73ed0f39f5cae77994704057859fdec5f,2.5254557132720947,0.01935601234436035,0.013589929789304733
WQ4,WQ,4,2048,22,83,2048,0ff04edd0674d3d12caf3774f80e9155f7181b923be2ecc75eb6f9e9be756f41,618e93f2e58f4c7f136a5d1febacad4143402137b30c052b99b7179f437b5ebe,2.1969709396362305,0.02504134178161621,0.013126857578754425
WQ4,WQ,4,2048,23,101,2048,810951661c56ef3c1b9b659222ae0bca609f1c07f8036b9e327293da15f371aa,bc0baafb97b97d691efb2a5ec641656058353eb19aef6689403796499044ce4d,2.655123472213745,0.05443310737609863,0.025497112423181534
WQ4,WQ,4,2048,24,7,2048,41e06daa2a7e37533d6fffcf2661e9e0e6bdd80a8f8d18e54bc9be26a76a054a,7e99d981947b5f318bb42da217df580bdce04d5dc13ce96e8c17a147efa7463b,2.4148037433624268,0.02344059944152832,0.018530240282416344
WQ4,WQ,4,2048,25,21,2048,df7e33adad9e3ede3627d728d75a1108c18befe55c36441fbfb7c356ccec116b,4f6cad4813e36d69870a7b3002cb9b847600d8e78d5f8332bc9615891ec28902,2.9199039936065674,0.039183855056762695,0.01574234664440155
WQ4,WQ,4,2048,26,74,2048,7cd1b0efcf370504101019d10b314309f11a37f0ead924f09da71f83a5c2c8d2,e5074e0575902b83a57eddcd2bc2ad2ad046a127acd8c395de488bf5a4166564,2.6832361221313477,0.03539419174194336,0.019982939586043358
WQ4,WQ,4,2048,27,97,2048,44b7b8544c5d1e2aa738d3bae9e35d03e35daafcf87431dfe3e5a2b3d77f89a0,e344c2edb60abad53141095e4f04ef9e8e97c76c5d09b77882cd28f45fdd897a,3.0686261653900146,0.03318667411804199,0.025567658245563507
WQ4,WQ,4,2048,28,93,2048,6eb56b8c416e857cc5bf5fffd1f31290a1b6b0d2ff1bc8a9b2f795ad6bffb602,1ca4b4b8f82c674774e1774730ba65bf017f8323e1452aebea426356f148c460,3.0359089374542236,0.04063558578491211,0.015881607308983803
WQ4,WQ,4,2048,29,45,2048,7907c4635e56710fea650a063d9df965f67dd0b53d4c180d3ce2eb5b79629e1c,e97f332366fcfa6a6614e78e696d91d8f8399eea6e198cb2de1f410d5e33dd20,2.9577414989471436,0.007903814315795898,0.019630208611488342
WQ4,WQ,4,2048,30,38,2048,2aa9ba64e24973c9ea5870ab2b2addab92242167cd079c50d5a2768033bc7fa7,c316e7dc6a4bb8b433c5c0dfce05834ba4915f0b6a5ca205ab105146837c8b39,2.1735498905181885,0.016157865524291992,0.017003756016492844
WQ4,WQ,4,2048,31,115,2048,c1c45b89c803ab3ea9d5d8dfd237bfa4208784fb2750e3776a8a9b49fc4abef1,533a47d55446fcf666704ba8ed23852f8e4a1d41e5f806f050c597a7f8c50c7b,2.8046066761016846,0.036981821060180664,0.0161880012601614
WQ4,WQ,4,2048,32,8,2048,07e7acf1c60a54d81f6df25c939b3b21ed695fd2fb59caed81916f0c4f707356,bdeb930a4207b8ff5ff249d0f3ee6fcde3dc58085c4bbde6b433293cf0a61273,2.6533749103546143,0.030062437057495117,0.01711987890303135
WQ4,WQ,4,2048,33,116,2048,f959970dde811e8c8e5d861c0903e42b89f09c24b19135c8152fa01642bb81a2,0685a518770b23c4d3f80b498a001c334920e67e44d40a9150eda130137865b9,2.951101541519165,0.025434255599975586,0.01842605508863926
WQ4,WQ,4,2048,34,72,2048,f2c268e2e4089895cc36a0409f7f1f891887db3508bf22e9148a4b702f12a668,b0b619b31d20f2c29dbb766b917dbd86b8a50afb135e168b3734540ca9c9fb35,3.0240097045898438,0.04139566421508789,0.02783503383398056
WQ4,WQ,4,2048,35,120,2048,2a6a0c3843fb9876d3c15da81a5d7793ae4ef5a612471f58c6eee2b6bda5a500,780f6a0375f372d30edcd4c5a61f1bc4544aa4fc1b334e7f43aaa46236482054,2.8165478706359863,0.0368342399597168,0.019921699538826942
WQ4,WQ,4,2048,36,49,2048,bbf015dc98d089a483ee657bb417b2f8df90908e49032f9ef4f09bfa44a6802a,18c916d13b82b14e38589a1d0c4835e4df2bb26eefb4bb07ccf03ef0be081bab,2.496452808380127,0.03741121292114258,0.02045680396258831
WQ4,WQ,4,2048,37,50,2048,4db36b854aa496a979993dae42abfa30d51669c4089495df01169bfd82246d33,351074286b5a34fa8adf99e04d3644cc163def76a9aae628478b069e5a32f044,2.880887508392334,0.05154681205749512,0.019347378984093666
WQ4,WQ,4,2048,38,88,2048,6f66de84b84ada174908af403445d9b255009b390102e9dc9760b816611b66dd,49a7c93f0f2af5f780fffea7064d9d241e2509dced42c3abbd32a56e492ce2aa,2.7810122966766357,0.03082871437072754,0.016263781115412712
WQ4,WQ,4,2048,39,86,2048,f61d15167f8d4133ea214c6666aea81a11ca189ca4a51df3d7df4a9f32dbfc41,c5e210333fdce11cf0ffc53cbd016048c41ba65eea40da1ebf27e6289a545d74,2.4261956214904785,0.0108184814453125,0.01611429825425148
WQ4,WQ,4,2048,40,69,2048,ecb1483dc2e18caffacf41f5e510aeeee70b01740c46e4d338fbff394cfa1e65,79231f9fedce47c9c1feb74a08316a3b500170a537fc2f2351a8f8a721821c13,2.714444875717163,0.07129955291748047,0.026237474754452705
WQ4,WQ,4,2048,41,96,2048,60c27b336ed6a8c18fcde80ee352f70080acee19cc854da8827c632921b61b5e,8c3e5ff1d60b7548fcd1a4f8c417514060ed9b659b7a5a575c14ef1925104cfd,2.9469127655029297,0.0406947135925293,0.018534554168581963
WQ4,WQ,4,2048,42,111,2048,054544cd89aed87b240dcb8f3350fd75fa66f9e7b310fa040ad62159998db107,13a648594c238852dd1b3abf875dd8bf4a1978c053d642bddd1692473a3e7152,2.403022289276123,0.01530003547668457,0.013208340853452682
WQ4,WQ,4,2048,43,104,2048,194b0036f6eed8ac0679b3de5ab18e204fa3e36fe5703a2f511e81d630aaf9a3,064c0b4ec4484b608e9ebe64d56ee52bae7dec939a75c427cf6d456609ede927,2.7912464141845703,0.03515768051147461,0.015184372663497925
WQ4,WQ,4,2048,44,134,2048,6623021a970793613e7d29b9cfdb580ba70f8beeadf6f8022203685ee0d04d09,35a8240aced5f3342922bc29b4c3a0f2797fc85b5a25fdda70f322c4a98d814a,3.002581834793091,0.022763490676879883,0.012946806848049164
WQ4,WQ,4,2048,45,67,2048,5b7435eb8294094e094a8a5701b004aef2f50a4d5ff8da62df0d653d0d147c91,9f3d068bd2e1e4d34eb11f4d46868290394a0457735daae194d9535eeb8749f6,2.507920742034912,0.03638482093811035,0.01819124072790146
WQ4,WQ,4,2048,46,52,2048,c42df66f179fec4bed6bc6ea75bb298576f34b33edb5192c11fbecd6ee5e2dbf,8efaca47c011af5cc3dbcc9976937b2db472b6883165a4b61b1c6d482177dd2e,2.451418399810791,0.06128501892089844,0.021388163790106773
WQ4,WQ,4,2048,47,123,2048,2b2bc4354b0f7c5298df20248b65999583dc40b7b5d8913860b58d4f31a67d71,92ec347e73f2c28e990fe2c167de0f568f58956826ad0a2ae3285dff6b3f6549,2.323767900466919,0.04986453056335449,0.02162637561559677
WQ4,WQ,4,2048,48,10,2048,b75ad37e7d25a7dc1e7d9e7e93724b6215417732940da4816877f2402295aa1b,6b09c3f673f36dba501cbeb6fdaae7f5829b08b1355f8db9c3c876f6379e35f8,2.6860265731811523,0.03027176856994629,0.01858004741370678
WQ4,WQ,4,2048,49,59,2048,795245b19899ac5ff529bac36cee69fad97689199431ad73acbed17d3dd720c0,d71ce66ffdcabc51b81db45c39f52e1e86cf9f8fe0444582f1fe9f503c045052,2.293026924133301,0.016440391540527344,0.018251927569508553
WQ4,WQ,4,2048,50,90,2048,3eb8eb91c811f87efaeebe3e66e4f3897e5654c9e36a9d97d28cc38f7eaf90cf,30805a0e8a337cc57db7f2c0b50be3bcdf3272a1346162ff31b1ad6889f9fc52,2.8780012130737305,0.03225445747375488,0.017943384125828743
WQ4,WQ,4,2048,51,12,2048,3924e212376afcce822167775e4b7f6df72bd9d7a50dbd64e80a7c03b1f66fbc,37708bd58546c27bdb9cae546b81e57dc5a2eb6d47df5a0378d7042c4fd7d517,2.580519199371338,0.028476476669311523,0.016040412709116936
WQ4,WQ,4,2048,52,6,2048,c28653fc6962ad492ec2f12b1c4a8beb9b3c7bbb0e43bfde89118454817b1911,99d2ff942dee6e18b7310f08e0dd1b3be52ac486659065f315ab42c860f22c22,1.8129370212554932,0.041678428649902344,0.025529280304908752
WQ4,WQ,4,2048,53,98,2048,0261aee3ed953c97e4fb48910abf3791263f66ad55b9be4416d9fd65ab27ce53,8872cb58f2aa79bd2ac93fd12e7e93ece1e8d62f75e2fe6f9f5893b715a119f8,2.795056104660034,0.027579784393310547,0.018344279378652573
WQ4,WQ,4,2048,54,62,2048,393e78b9d9b51099691e9c74ab844641e556e1535efa0e4137f7df16f6818990,38a27596f5954c7e8e4657b0f7dc66de70bbdc8b52b646f83742fb167a054de9,2.884833335876465,0.03310203552246094,0.01638851687312126
WQ4,WQ,4,2048,55,106,2048,b1f856d8e8c275e63f8a8288f5c8764488e7b3b158bcf40e8c2469cac18b1e6f,2c627def35cfa18f2ff5ab126f7c551da612364c88c94ca4778d21575f2d8793,2.792926073074341,0.01830315589904785,0.014543434605002403
WQ4,WQ,4,2048,56,48,2048,111e846c1afc51b385724b25cae254b8fa61a0f8e149f7314fdd2755acadefea,9c6bcd41850d9733d86da30d8d6afa6340b6e9a1991c63775d86720057114be2,2.835064649581909,0.03169608116149902,0.02396964468061924
WQ4,WQ,4,2048,57,57,2048,d96ff1c537de5b06937f53c52ab2118bbd5ffbbad5f65869e80aefc960096fa9,0533da760b7430289edcb0ecc4a5aba86300b061c241ea3a61a9a96321b53322,2.064885139465332,0.0571744441986084,0.022550540044903755
WQ4,WQ,4,2048,58,89,2048,d1c1922e23951e32a5e86cbcef1277adfd4dc526531597871b17c992328ae3e2,3923c7bc803d17e21ed437c3f884591a3588622249807a36291c1f64acb51462,2.847231864929199,0.07724952697753906,0.022075578570365906
WQ4,WQ,4,2048,59,85,2048,7a73577bcda1b69b229dffce519dcda80cdac6bf9b9ad5ae1fb4b14b72e68f5e,c018fdc598792ea0693ad2bbe112fa4244d58227c28c329804b8c6711091f300,2.528503656387329,0.036415815353393555,0.01803579367697239
WQ4,WQ,4,2048,60,103,2048,012cc3d5a10bf9cf1283c429a3a0b4aac838a72e6ffc3199aebd05ab0544d2f8,411a89e73bb96f8e952c1fb17ae271fbbe727130554d2487fd271a065a06173b,2.6174094676971436,0.04152417182922363,0.019709784537553787
WQ4,WQ,4,2048,61,75,2048,9efbf84514b0fea9bb09d35d2dab9bd35ee4ee605bf6d81e21644e0d1f5b9042,9c472be30a0fccbaf0328a5d699042a37a297300c41334ada29ad935df57fe2e,2.626110076904297,0.06465816497802734,0.019639061763882637
WQ4,WQ,4,2048,62,51,2048,d5e97c1df65c6b9fdc4bb3d7ed0fb43e9f6a51caf6d1f9c3c10d12391920ad93,826d4c2394fab556d93fc50aa12353ee5c1b8ba340cc2b5d90a4dfe6230a1d6a,2.474508047103882,0.02129364013671875,0.014505432918667793
WQ4,WQ,4,2048,63,43,2048,696893d293ec00b6be32eb5fe72ef425b858014926f21e7427d652154ec51c69,23a5e80c7e804a71baa38866b1723d47ec9104973a14945bd678e436c315cb3f,3.389622211456299,0.06968092918395996,0.019015422090888023
WK8,WK,8,512,0,68,512,ae16cd2f87fc656abc0929021075a3b9ed61f3e88b34184754e7dbebd76ec193,08256215c109e87d3a72dfa0489d9857afb1e4c873b20a9855050de5b59437da,2.778261661529541,0.0013492107391357422,0.0020319963805377483
WK8,WK,8,512,1,100,512,3b744cfa8d587e08d920606f255dd1689ab24c6276571e94ed0b74be1d01de43,25713b5578546ce636ce43536d8158b6f6a73a191cc66a03ed5b11784e21cc6e,3.0627129077911377,0.005926847457885742,0.0012286920100450516
WK8,WK,8,512,2,76,512,218ba9a35776a953f13e4b544faf23f37bab2530c1aa178ce5a18da6c78482be,7d3c80f663038307dc13a0f815e3778b452a435ba7d496806dbdf330ceac3ee0,2.8395836353302,-0.0025527477264404297,0.0009026303305290639
WK8,WK,8,512,3,140,512,99ad214b32ceb627ad7dcd26e7c4b968490d2921509ce77b169fa235b400825c,7671c21d03fc9a4d83c7f723cfcf939130c01a6c7b3ec7823dc31d6e7263d943,2.9702982902526855,0.0014963150024414062,0.0009489511139690876
WK8,WK,8,512,4,44,512,bfa95e7ec878842678803ae23d2a234a823eec1ccce4b61c63bedfe94615385d,c456c6ec69e7331b0b7c013a7377a60f693e7e74eac82c3aaa340066e042521b,3.868401050567627,-0.0015087127685546875,0.0013526099501177669
WK8,WK,8,512,5,20,512,0df6561709ae94fbe1d725835527b1025919ec0d4988ff7390e6b4617d148a0d,c1783a1aecf214b8e69bb00cdb61ea0e1823f8dc33e50cc8bd98e00de72b6314,2.1978611946105957,0.0016961097717285156,0.0009711663005873561
WK8,WK,8,512,6,63,512,cb419afdeacc3f41a32badc0ebb2d0c499e6e00d780641ce39716478df0a20e5,861412028ae1bd379cc93139160cd0d9e6758e84f6347e077159c88cd83c7061,3.694605827331543,0.006639957427978516,0.0012500254670158029
WK8,WK,8,512,7,37,512,b8ac611453ddedc7866701f4724f89e267e033102f94cf1edc0fcef046767649,0ab46fccff21d8f4768f9458aac7ecca09d52c8a0f59b5124e1bb1c281128eb8,2.4546456336975098,-0.00014209747314453125,0.0011943207355216146
WK8,WK,8,512,8,142,512,3b878cc815eb2fd63fd166af88f34400e0044851af5f0199430452887354c73b,c6fc77e555e59488c7bf941f5fe2ddf1203ec29adba7ea64e262b9c61c8b3c04,2.722066879272461,0.003141164779663086,0.0011086559388786554
WK8,WK,8,512,9,54,512,c86b7db60afbc145d9762cf4ed3e9d4a646ab6beb6888ab76dfea844037ee385,d4e2357b45c895a3837df5ed504ec9c958364adcd1982e5bfdda624264699066,2.8560831546783447,0.009551763534545898,0.0010567625286057591
WK8,WK,8,512,10,64,512,beaec156fbaa2cc61d2299fa20f7f0d8a42d1931fb6ef189b1b57fd78698a8bc,d7a22ad9f4026fab50e53fc63eb8fa8ff3164267a997dcdc6f31facd73d14233,3.177297353744507,-0.000698089599609375,0.0010824310593307018
WK8,WK,8,512,11,82,512,a87dcf72965b9fd725594e983ccccafbff1f57504062f003d18769489fd7ea8e,3751210f5da4d56983a9edb710506df1239958a2a8a36654f223f62d48233904,2.566777229309082,0.005975961685180664,0.0011102055432274938
WK8,WK,8,512,12,125,512,ed4bc71e91b94bde605bf581c65860792a6c1e2992d889ac41c403096d155785,f67585beb4a8cdd5b8b31e251d29a7e09279f0d0a355c4d8cd90b11071355aa5,2.556335687637329,0.00359344482421875,0.0010217496892437339
WK8,WK,8,512,13,25,512,d6aab0a496126054e48aa051bf1bb7ff85c1707e459a1405e9fb5871a99c9d77,d24849b4be0d0b0eac3ec00e9c4cdcaf714bcd92b314cb0e6412431aae68e06f,3.253227472305298,-0.0028383731842041016,0.001129894983023405
WK8,WK,8,512,14,87,512,9b1a4ade0323a3a637607e28dde6a773faa87580f3f967d3d27f581731d262eb,b978b20d5267d054cb5a6cc8bc87d71330d70eb7eaf4011398577fbb4186bc25,2.651395797729492,0.005433559417724609,0.0012856278335675597
WK8,WK,8,512,15,18,512,19175ed1e88a1723548455982303dbb668ffa2879119aa2536679baedce70e1c,4b5642cb01e3c7fab6f171b7b5fe3e2093e064b0697dc0f6461b3cf96fee3666,2.854203224182129,0.0009565353393554688,0.001068303594365716
WK8,WK,8,512,16,141,512,b1bb9ebc0420c60b2de6eb3d1b3dd33639e5e974c3e029df21b8de723d0050d2,c6529ade056fa5ad590f3d7b67bb5914d000d1949d0f03f6acb8286d6fee9fce,3.4016144275665283,0.00193023681640625,0.00098329724278301
WK8,WK,8,512,17,130,512,1fdab8c48d099f86ec6048f89b43db1273768c11d43cdfdb2b102316b0c90378,644effaed3d64c5d78d31ef525516b354c50545a832d818930a38404ac3a3b9f,3.0487232208251953,-0.0027985572814941406,0.0009537485311739147
WK8,WK,8,512,18,133,512,ce122db72e7ef3172517f7508e60b074cd0e48cffbbbbf5a6eaa07cbd36c0399,efcf13a92162dcbac73615cd17a4055c5bc6ebbaae804ac0fa7b8ea911b0bde8,2.6240718364715576,0.0013661384582519531,0.004982663784176111
WK8,WK,8,512,19,33,512,dd3128a9ef793ddf9e9f294319a2b360cc15446ad5ad5e768d58375ac46f57d8,d1f96770ba4fff5f404d930d614910a50ffcf629145ab0c3a9be3a7d0d4a6a29,2.72400164604187,-0.0008733272552490234,0.0008856486529111862
WK8,WK,8,512,20,102,512,5d859c5643c83feb10bbd789bd43b3d785eea3ba0e317a8dc4339205b49030a4,8d749c41e642f93c2c9e23b7c36b1a260110d08663e0709af65afb8be9818be7,2.8839964866638184,-0.002742290496826172,0.0011307128006592393
WK8,WK,8,512,21,132,512,6301047c5e01b65f720a5df7598b0193b9a616788d3ebceea7c8ea3c557a6319,2a793c11483275658f9fcc85b3f70bf1ca9ccedf8d784f93673fdb70248d6262,2.7499043941497803,-0.0014603137969970703,0.0011737048625946045
WK8,WK,8,512,22,83,512,4a19f00faec7f7a4366c30d505fb475f2a7f192ab0d555bb147f7a479899ea97,0f5e77072631e58c2319b5180446366f7a46833c2eec564de75ece6a1d4ffea2,2.73270320892334,0.002753734588623047,0.0012622596696019173
WK8,WK,8,512,23,101,512,98fd1552d1b6b33f61534cdfc6b173db98b9e091d5fa89e3738ff5e20555099f,0df69f0a17acddb90ae66ae6629fc602609bbf5f7a0fe733e5a724d3a9ba21c3,2.5001587867736816,0.000354766845703125,0.0014210355002433062
WK8,WK,8,512,24,7,512,8628f147d8ba311f3331812340c7a0d3d29f803b14909474fe478fd9e71a860f,6f568a3ea896c63aa3ce960b5e1088c26f8a132354f2cf94c611ea6f3aa7588c,2.6431427001953125,-0.0006587505340576172,0.0009555668802931905
WK8,WK,8,512,25,21,512,a49f726c8d23b3d3338f988ce283efd804cb31fd133960f513b494f10c918afa,02356aaa666127b370708a5fc78fee6a48f84ff24e38ee53eb27f546488ef8b8,2.933523654937744,-0.0012500286102294922,0.0009900592267513275
WK8,WK,8,512,26,74,512,175163fcdf2b738f5bdba615d91bbec70a2d6766ec75d92cff25a3b5d80029f9,01001a3e575af55b15ff3e3537a932f78439134aebab718d6c2926a840f557a7,3.55416202545166,0.011197090148925781,0.0013747302582487464
WK8,WK,8,512,27,97,512,c311158b5fa0b5f1221f9a397a704f66754fc02513d38a6e748451634004f2ee,c5394ba5aae3a0bbd6648757f669dfa515620f554cc0d533962c119fc9c366b8,3.0763630867004395,0.00047850608825683594,0.0010096232872456312
WK8,WK,8,512,28,93,512,c9f42896c7c32f34c6db6e60d286b701f94c1ac24ef31c3df64cbc5e777aebd2,445f4169214d04606ee7bd860a76e6d9a5309133f2e4e93b4586385cb304713a,3.1290507316589355,0.003681659698486328,0.0015371397603303194
WK8,WK,8,512,29,45,512,115989fee52a2f958d8a70912f5a0148d025cece056a65329a8b13668f2d3532,5b0284ed5eeb833942eb4fb22120e4cceca24899ebf7abcfaad5d786db45dfb0,2.8727822303771973,-0.004663944244384766,0.0010670451447367668
WK8,WK,8,512,30,38,512,c620ca7a880f4f94b50e21893e805bb726552a7c6cfef9e0a503bca0bb5d8678,59d2ece4ff7b18dc6d5a3bf1f6eb330b37bf36780a042e2d3e9f176c2b475f9a,2.482740640640259,0.009368181228637695,0.0009649580460973084
WK8,WK,8,512,31,115,512,3f912710cbd320f42462b53d3823db0e82ae0e4038739ff5fb53954a3d2a6105,060a582ba59f6c2a8fedfa29cc123c3f656bd49005710c8343a837a5158e95f5,3.022289514541626,0.0026412010192871094,0.0011831257725134492
WK8,WK,8,512,32,8,512,559b45f908701914464a398a4e23cbd2dfb27f0f616685418bbe0774face5a6e,cc8e0595a7e15fbb2080fd8ef63b4b198f7fffafa5b859b90cb0d41bee6a5ad6,2.448575258255005,0.004006147384643555,0.0009223174420185387
WK8,WK,8,512,33,116,512,2f78d326cc0a7105fdb2e5a61e47c535a3358d457563c0678ccaad7456bfcaac,8fea6b19518798fc04451d274688a8fa6eb371a5146b3b070a6ebd27d05a0625,3.184702157974243,0.004742860794067383,0.001119433087296784
WK8,WK,8,512,34,72,512,2f7c90082b8e4f35e68e68fbcba1692814d41595bec18578482d5b80505d881a,9dbc4089a84b42672bbb6f9eeaa48cd5e3f7417ad1a907f3000626abedb1d6cd,3.1073882579803467,-0.001325368881225586,0.0010732446098700166
WK8,WK,8,512,35,120,512,01e141aa9d676652f27cacf8ab88780d0484540fac271a62f976d214af9149fa,3450ba805db1aa894f32325471fbf9448fc348b352a851c853d3c8844e353145,3.330418825149536,0.0058155059814453125,0.0015268027782440186
WK8,WK,8,512,36,49,512,df7d4f6662a123670bc217259167c9d6c9f828f13bcd2fc5d5edd807a5d68a7c,5347734da6baec6e402c6847a72db52512f43b6a0edcd09ceb1eb3f923a7af0e,2.961052179336548,-0.0023221969604492188,0.0012586426455527544
WK8,WK,8,512,37,50,512,1c3bd6c353e6a779185ec2cb40ef64d8c301d5ff264c26db6291eae8572229dd,9dcb403873ab4a96716786b9a28d9a96e76cec3b790a0778616fab8478ad43a9,3.12870454788208,0.0016911029815673828,0.0012405426241457462
WK8,WK,8,512,38,88,512,688111a06788bbd40c7736892676fa3687d1a1c1e1b2a364822dffb60acf1371,ec63481c58c7ee04521cd54e657ab30719e07e01ba379f2b0064eee1ec059448,2.846656322479248,0.006261348724365234,0.0011297182645648718
WK8,WK,8,512,39,86,512,48570697a4dd16a0b55c07054277a4d400361b2e40e120f9bd5a280079991a7f,f017ff30e5905c55f293a04449e1da60521d3043d943b46487158d7c97c078f5,2.99965238571167,0.005552530288696289,0.00115814374294132
WK8,WK,8,512,40,69,512,2d4feeae75c71a033ddef463f9c049033211872b8173cacf8c61b2773b4ea977,d07765c8ad80133cbdaad2c2e6734d6acb3a97df0c86a3316f5f9b6ab2ec897b,2.7406842708587646,-0.013230323791503906,0.0013947270344942808
WK8,WK,8,512,41,96,512,b2d66294528c77f2ce5542b63c560b53a019ef3855fc23f22e576e2c24a22af5,711f41b404997593de91e04fcc1f59688e1044f0fa4f719136967525d012500f,4.00884485244751,-0.0015034675598144531,0.0016662749694660306
WK8,WK,8,512,42,111,512,14d551e36a925b730c2fc620df4137bc0b3e07e504d9b5cb9fc5cb85d338e368,a1e4ee0bc81044d8d34d034b6006f7b58467d54ec34040550f16978e99753463,2.370046854019165,-4.8160552978515625e-05,0.0009365786681883037
WK8,WK,8,512,43,104,512,2f973847de2910024e3dd468aef48343ee9914919544804bd2ce7b6274c96536,f5978599316fa5edaba4e3e44a42155b8b3abaf1a0d43ceb78648674621ece02,3.141343832015991,-0.006434440612792969,0.0011624847538769245
WK8,WK,8,512,44,134,512,2140297a06f57efe14c78bd27f691bb449e014e4a75da0d2493d3cd6c8302ee2,74ee99cdf1afd846a2c84b4171b5fc476355866701b2fc98feeb8ddb62344725,3.3861629962921143,0.0010983943939208984,0.000965086102951318
WK8,WK,8,512,45,67,512,8dfa6ea1f5b51ac3a7421963acad90a2412786c75f0ce258b8fe5cb751fb0ad4,1d3c37901ea0c9f85af4c5918b812300ff2a9b77e4af07c1613a44b2b97afd1b,2.8156633377075195,-0.00026702880859375,0.0010268129408359528
WK8,WK,8,512,46,52,512,a9975feaf08183a6c92b6780eaa11bfa8b4e009f8719664e0cf61daadee29ca6,67bee3d7b80f8eb2551e7a5b836e4cb00e1d024a9858e758e922b2c4c0454242,2.9305200576782227,-0.004145145416259766,0.0015091791283339262
WK8,WK,8,512,47,123,512,f2f8c6f9fd0d5737ecef01872a27479d40c0128542bcdc2f650aacfa0871228d,1a41da669635ddfdd017a46cc49fb42e02dcdcc79f94f8db4e769b1a8e9dd28d,2.4407620429992676,-0.0069162845611572266,0.0009046047925949097
WK8,WK,8,512,48,10,512,1110fb9e38dfc961e91bbca80cdbcb7aec9255667d4be62b7d64ad2008086430,5ca63fbb2f66470d41065f1cb002e9a06d16b6336ec72af2dd76c4b09b39c6cb,2.921067237854004,0.003995418548583984,0.0012959003215655684
WK8,WK,8,512,49,59,512,2ffb864d7680fe2f03e9c96a8ca13a1dcd9201d972b58055cdf1c54c016b3869,2a9d55bf974b6c85a74990d4db11f6f84941cdbd5670a5a770cf2dab7d82615f,2.6687536239624023,-0.0013511180877685547,0.0011056950315833092
WK8,WK,8,512,50,90,512,565645b7de1588ccca175836fbe0a3445769209c98d06526c129fb453a20df82,ad1fd58631acbdc8259bf9f683638e317ea451b3ad19c0dacc669cb05c5aaede,2.875741481781006,-0.0019724369049072266,0.0010179588571190834
WK8,WK,8,512,51,12,512,47020c49aa9953b482fafbade3c350c281f1d37768dfd620ed4ed22215dffc21,a8a469a68d7b569db199606d9811dbb31b560edf39ff7ac7743bfa1dd2422dae,2.688321113586426,-0.006146430969238281,0.001091349171474576
WK8,WK,8,512,52,6,512,f6f428baca66fc8aa223e265fe167e8f3e66b33ee52ee27c5cfacd6988b6cffb,8fda12a3276f553c32781879a2907020a1b95b120a4008c5d047ee9404635781,2.2040679454803467,-0.0009152889251708984,0.001148294541053474
WK8,WK,8,512,53,98,512,612685c9a843162b260eb1a39ea04835df7f4205fda89d2ee9029057956c4a2c,577b2892864b4039ebacae0fd392d9f9265698e6e2c31b00c3020887b5487ac1,3.080625295639038,-0.002052783966064453,0.0010984117398038507
WK8,WK,8,512,54,62,512,407e23a40d3b79a8ef1ed65739952a2967c01fb71f5ae80eca89f950966070c5,c87c89b138f647b50ea3517602b97c2017b3e81b8eb3f64e4fe71550705510ec,3.270986795425415,-0.0026395320892333984,0.0009217797196470201
WK8,WK,8,512,55,106,512,476847f11f8a83faeb4e3bb899f53f96dc04ee45ec360473b86b6fef85c520ec,c2e2d40d2e76ab39489312b4815e565bf71bded2423c32063665c90306b8b484,2.655566930770874,0.0045244693756103516,0.0008761949720792472
WK8,WK,8,512,56,48,512,683524ce59e2c3b9a90e4b6f80a2dc506837423066ee0069e0e9bd3a031cfcd3,c83d0c1969861d1c14c26919385156d653da6b82fe574ec002a483eb773a1a37,2.6131973266601562,-0.007138729095458984,0.0011046954896301031
WK8,WK,8,512,57,57,512,d188307729885676d91094312beea8f9c6bdfe7b46d34ce19d3176b30f8d6721,8c56774c0912494f5718c16f24cadd18817d67ca61765ac7717e2f381efc69b1,2.517354726791382,0.004830121994018555,0.0014444474363699555
WK8,WK,8,512,58,89,512,7d37ebde45fe5a1327f7415b722a2152ba19239541b5b86171ad09110b88126b,583d6f94ff03af842635d512bee8f43a5e4536c5cd7db354fc202265110672f9,3.425804853439331,0.00032448768615722656,0.0013558970531448722
WK8,WK,8,512,59,85,512,f787ea5a78872e8cac0aacadf2135dc6f7970768214b8a724acb5141af243601,65bb6d6a06285ce23477dcd5ab9e9eb0cbc60019a59f3b7448f7618685b1fdd0,2.7755846977233887,0.003711223602294922,0.0012747419532388449
WK8,WK,8,512,60,103,512,d68e8446d1f26fb4d13d7a806b96bea17f0630142bad0e74001b06c29ca2bd92,c2b4715ef6abbb41a35e1350e447684bb0d0dbd57d2fb9d9a3e6b9b7240d0a98,2.9012365341186523,-0.0003249645233154297,0.001097730826586485
WK8,WK,8,512,61,75,512,ca5268e69cb922f0dc43cf2131274a5f43fb65f8bcbbac618b4a43e9b99b0a85,2e8b2d3f0426eba924b4a98379eb92d2e64dc03bc9ecf594495fb9bef1510012,2.5641703605651855,0.00011205673217773438,0.0010358932195231318
WK8,WK,8,512,62,51,512,5b3a8d8d253edbd82b4e45c124e433b1f329522e7a41a910b62fc2e161722a08,eadf4728fbc642b26417a5d55a5b564a5ac77fb435a5a9b5e3b6c4c4c620f114,3.2279274463653564,-0.003454446792602539,0.0010717674158513546
WK8,WK,8,512,63,43,512,02aee5e343d97256d44fe0eb9c3f77668c53371f95c184e97dd53a610d530752,a10032c97181f82d2cdc3b9207991e6fae9b82c6ed45b476bbe0ea5cf36aab8e,3.7837555408477783,0.006789445877075195,0.0010798894800245762
WK8,WK,8,2048,0,68,2048,7fa3218d5c0877a221d93c331014b13f9b0269f66ee885045391d7f6925bc18b,8ef5a58d30706108e4424bc7fd5ead54afe73dcf5205e88fd588fe5e14ce67ba,2.477710485458374,-2.7179718017578125e-05,0.001207206049002707
WK8,WK,8,2048,1,100,2048,727c409a44db036aaf99d9825120b8c5475979820ff1880281ca6700d93e997c,790974994d1df4ee2511c0a11d2a4b63b3f94cbc857670ebc32bd86a120c13c3,2.45463490486145,0.0013892650604248047,0.001028829370625317
WK8,WK,8,2048,2,76,2048,de5839302a1f8be2c62c604f2a574a4e959bf6b8903e83a6528c3e8615c4c71b,c10726a949d67a001e8537b229d682cb6f430e75a3868ab2eae32d9da26409f9,2.5215988159179688,0.004437923431396484,0.0008892006007954478
WK8,WK,8,2048,3,140,2048,5b5fbf9ed2f90d3b56310892d916c60c1590342ea5efacb9055505dca880067b,d5207eb0c712b5e67966701a30db2e91852ae6e21ce9c45201858637c2f46300,3.0686068534851074,0.0016369819641113281,0.0010300001595169306
WK8,WK,8,2048,4,44,2048,e83fe1126ef11362ca2c510be3b9d801a80d2ba95739f3b5bfdc1c5bdc635f58,d74147700327ce101764c03fed40a4e9745f79d073ec2b8c2585e025a259eb33,3.1231555938720703,-0.002695798873901367,0.0011526825837790966
WK8,WK,8,2048,5,20,2048,7297e92a528f854e162bf26846df4827597b3fef35dc0f8f0d160c27e12b82c3,3692af9e0a10e0563d9321971b56df001f57667c95cf35add673d55ed7e23fa7,2.514540910720825,0.0018928050994873047,0.0010004781652241945
WK8,WK,8,2048,6,63,2048,8d664704323e367f28e3fd14b1876e6e79b849e0a92a52cb7ab13e1f007648bd,010e9d87cbe94cd96a9c80e5a3acdb481237f902e2804ea887c5699d00f93f28,3.2556114196777344,0.0030105113983154297,0.001087420852854848
WK8,WK,8,2048,7,37,2048,43eb711a5f90c2da86caadb1f57a6d78e33dd772ea669a188885cf29a856c8a9,e94543186b5037fa285edb016058de7c6a1c24f0ec5d2694716bbc221f735ca8,2.0505013465881348,-0.00035643577575683594,0.0009617836331017315
WK8,WK,8,2048,8,142,2048,60f0636d47d2144bac213771617e6d26b641c621ca5598aa6f94d92f168e4440,961aeef219281deb3487d874ef56d4a1feeb09133cbb127c516026756b7d403d,2.8126561641693115,0.0021393299102783203,0.0010655687656253576
WK8,WK,8,2048,9,54,2048,f2d06d6fadbb94a6b9673c03f34c5702bc62868f6af9464c5fafaf71bb3a7452,f825257be6a05712af7879420152d60daed2ff0ae2a63a9fc03ed9511493c1f2,2.218165159225464,0.0014247894287109375,0.0016061854548752308
WK8,WK,8,2048,10,64,2048,309614f012e5fce8093ce5bd71979c6769344662aea1ad23a758d80708177086,5a689a9bb73117e9c73743ba89fbb373d253f702ca903217581c61da3020d81a,2.4053168296813965,0.001178741455078125,0.0010401109466329217
WK8,WK,8,2048,11,82,2048,86b2e0be9829fa6afb50279461e5110faf95d29913a0b230fb6cf8d31281b03a,6e77798e36b094b40ae44b70ba876c18c99fcacb76db84d01723e016f28d9933,2.159301996231079,-7.557868957519531e-05,0.000889367947820574
WK8,WK,8,2048,12,125,2048,0316e0ba92bc822a1de2775956f65f0c449bd8c94ec709d81a23aad83fd15618,214473bd123f552092a6e64a2a3621184d456c2f0d32d3655533ba4c0f6adfda,2.8027000427246094,0.0017588138580322266,0.0010325545445084572
WK8,WK,8,2048,13,25,2048,fb26dda67f40a157e5ce636f903062716d27e87ec6b75b77ae16773d4868ab89,b8c27a347ba7cd7ec1011c72802452816fdd20b467d1acf46668b8b7a5a2289e,2.7679014205932617,0.002382516860961914,0.0010011784033849835
WK8,WK,8,2048,14,87,2048,d26d8831d4c6979689eccc963c941dacc2bb0f37fcc3467d1cef84078b6e23b3,0e26ddd8753ff529d3768c603e1b0a8ad9517c33a7e2bc26e322019bc3e7508b,2.5116829872131348,0.0008528232574462891,0.0011801617220044136
WK8,WK,8,2048,15,18,2048,2ad8fea8eaecfc4553fbe62df1d5188f2ba449614bb15e7d1b2abbf345a06b25,94b444d9a3f586aa986876eb813ff24e32e2c4a560e2e6f9dece8e2df242a679,2.474778890609741,0.0017540454864501953,0.0009666889673098922
WK8,WK,8,2048,16,141,2048,b7ab366b5b5a4f68aee22bbff6cfe4218a75efcc7c1b2ad2456e37b059101498,2be48fd263dbe7cefc17f7bdc88170c66cc1f4be1d216141a7a3ff6912f00b41,2.6726229190826416,0.004717111587524414,0.0010347322095185518
WK8,WK,8,2048,17,130,2048,b62d53caadce94fd5ba6fa7cdfa65ed44699a81a82dca75cc95417b342a3c51e,a963b5699afebb47190fd1b00e793b97d22f8bde30db62ff5205aacff596f9ec,2.5803446769714355,0.0038437843322753906,0.0010863897623494267
WK8,WK,8,2048,18,133,2048,5797ba35b7ce0b63444139260cd65066076e06aa4b806b1d02e0c8a2b0102414,5a168b747e18c2198035a699c6733e1d2599eec07a962204e9fddc525219ed30,2.5233309268951416,0.0016553401947021484,0.0010540029034018517
WK8,WK,8,2048,19,33,2048,d20445cc193883501468e35adfada5878439f438af3dc6844777523111576558,6954d31dd34b120c9ab2b7833f74bd5922bc512f883bc47d94195e8780302755,2.4943790435791016,0.0008764266967773438,0.0010108666028827429
WK8,WK,8,2048,20,102,2048,57841b4586f83294fc5729b94566df9615b3b04974af798add7ae75c8b79f2d3,7724d043965d6163663a8328c72325922ec1f831eca6cf0624850025699e60d6,2.8153669834136963,-0.0011641979217529297,0.0010531035950407386
WK8,WK,8,2048,21,132,2048,ebe7817d56ad234df4deb7efb8e4a5fca5774e1b3cabc1dd0a0335618ec4961a,a959ae63e8fd1d94df13ae7ce75516b73ed0f39f5cae77994704057859fdec5f,2.5081868171691895,0.002087116241455078,0.0009503072942607105
WK8,WK,8,2048,22,83,2048,0ff04edd0674d3d12caf3774f80e9155f7181b923be2ecc75eb6f9e9be756f41,618e93f2e58f4c7f136a5d1febacad4143402137b30c052b99b7179f437b5ebe,2.1745171546936035,0.002587556838989258,0.0008791787549853325
WK8,WK,8,2048,23,101,2048,810951661c56ef3c1b9b659222ae0bca609f1c07f8036b9e327293da15f371aa,bc0baafb97b97d691efb2a5ec641656058353eb19aef6689403796499044ce4d,2.600407123565674,-0.00028324127197265625,0.0011824551038444042
WK8,WK,8,2048,24,7,2048,41e06daa2a7e37533d6fffcf2661e9e0e6bdd80a8f8d18e54bc9be26a76a054a,7e99d981947b5f318bb42da217df580bdce04d5dc13ce96e8c17a147efa7463b,2.3905200958251953,-0.000843048095703125,0.0010809637606143951
WK8,WK,8,2048,25,21,2048,df7e33adad9e3ede3627d728d75a1108c18befe55c36441fbfb7c356ccec116b,4f6cad4813e36d69870a7b3002cb9b847600d8e78d5f8332bc9615891ec28902,2.878173828125,-0.0025463104248046875,0.000992853892967105
WK8,WK,8,2048,26,74,2048,7cd1b0efcf370504101019d10b314309f11a37f0ead924f09da71f83a5c2c8d2,e5074e0575902b83a57eddcd2bc2ad2ad046a127acd8c395de488bf5a4166564,2.651681423187256,0.0038394927978515625,0.001183127867989242
WK8,WK,8,2048,27,97,2048,44b7b8544c5d1e2aa738d3bae9e35d03e35daafcf87431dfe3e5a2b3d77f89a0,e344c2edb60abad53141095e4f04ef9e8e97c76c5d09b77882cd28f45fdd897a,3.036609411239624,0.0011699199676513672,0.004562889691442251
WK8,WK,8,2048,28,93,2048,6eb56b8c416e857cc5bf5fffd1f31290a1b6b0d2ff1bc8a9b2f795ad6bffb602,1ca4b4b8f82c674774e1774730ba65bf017f8323e1452aebea426356f148c460,2.994814872741699,-0.0004584789276123047,0.0009491672972217202
WK8,WK,8,2048,29,45,2048,7907c4635e56710fea650a063d9df965f67dd0b53d4c180d3ce2eb5b79629e1c,e97f332366fcfa6a6614e78e696d91d8f8399eea6e198cb2de1f410d5e33dd20,2.9545979499816895,0.004760265350341797,0.0013157350476831198
WK8,WK,8,2048,30,38,2048,2aa9ba64e24973c9ea5870ab2b2addab92242167cd079c50d5a2768033bc7fa7,c316e7dc6a4bb8b433c5c0dfce05834ba4915f0b6a5ca205ab105146837c8b39,2.1589276790618896,0.001535654067993164,0.000983919482678175
WK8,WK,8,2048,31,115,2048,c1c45b89c803ab3ea9d5d8dfd237bfa4208784fb2750e3776a8a9b49fc4abef1,533a47d55446fcf666704ba8ed23852f8e4a1d41e5f806f050c597a7f8c50c7b,2.7676796913146973,5.4836273193359375e-05,0.0009987473022192717
WK8,WK,8,2048,32,8,2048,07e7acf1c60a54d81f6df25c939b3b21ed695fd2fb59caed81916f0c4f707356,bdeb930a4207b8ff5ff249d0f3ee6fcde3dc58085c4bbde6b433293cf0a61273,2.6262030601501465,0.0028905868530273438,0.001179794780910015
WK8,WK,8,2048,33,116,2048,f959970dde811e8c8e5d861c0903e42b89f09c24b19135c8152fa01642bb81a2,0685a518770b23c4d3f80b498a001c334920e67e44d40a9150eda130137865b9,2.929530143737793,0.0038628578186035156,0.0029121888801455498
WK8,WK,8,2048,34,72,2048,f2c268e2e4089895cc36a0409f7f1f891887db3508bf22e9148a4b702f12a668,b0b619b31d20f2c29dbb766b917dbd86b8a50afb135e168b3734540ca9c9fb35,2.9872093200683594,0.004595279693603516,0.0012189835542812943
WK8,WK,8,2048,35,120,2048,2a6a0c3843fb9876d3c15da81a5d7793ae4ef5a612471f58c6eee2b6bda5a500,780f6a0375f372d30edcd4c5a61f1bc4544aa4fc1b334e7f43aaa46236482054,2.779630422592163,-8.320808410644531e-05,0.001035218359902501
WK8,WK,8,2048,36,49,2048,bbf015dc98d089a483ee657bb417b2f8df90908e49032f9ef4f09bfa44a6802a,18c916d13b82b14e38589a1d0c4835e4df2bb26eefb4bb07ccf03ef0be081bab,2.4590485095977783,6.9141387939453125e-06,0.0010913379956036806
WK8,WK,8,2048,37,50,2048,4db36b854aa496a979993dae42abfa30d51669c4089495df01169bfd82246d33,351074286b5a34fa8adf99e04d3644cc163def76a9aae628478b069e5a32f044,2.8306117057800293,0.0012710094451904297,0.00100987299811095
WK8,WK,8,2048,38,88,2048,6f66de84b84ada174908af403445d9b255009b390102e9dc9760b816611b66dd,49a7c93f0f2af5f780fffea7064d9d241e2509dced42c3abbd32a56e492ce2aa,2.752328634262085,0.002145051956176758,0.0010035568848252296
WK8,WK,8,2048,39,86,2048,f61d15167f8d4133ea214c6666aea81a11ca189ca4a51df3d7df4a9f32dbfc41,c5e210333fdce11cf0ffc53cbd016048c41ba65eea40da1ebf27e6289a545d74,2.4111523628234863,-0.0042247772216796875,0.0010765597689896822
WK8,WK,8,2048,40,69,2048,ecb1483dc2e18caffacf41f5e510aeeee70b01740c46e4d338fbff394cfa1e65,79231f9fedce47c9c1feb74a08316a3b500170a537fc2f2351a8f8a721821c13,2.6404237747192383,-0.002721548080444336,0.001361789065413177
WK8,WK,8,2048,41,96,2048,60c27b336ed6a8c18fcde80ee352f70080acee19cc854da8827c632921b61b5e,8c3e5ff1d60b7548fcd1a4f8c417514060ed9b659b7a5a575c14ef1925104cfd,2.9076783657073975,0.0014603137969970703,0.0012811250053346157
WK8,WK,8,2048,42,111,2048,054544cd89aed87b240dcb8f3350fd75fa66f9e7b310fa040ad62159998db107,13a648594c238852dd1b3abf875dd8bf4a1978c053d642bddd1692473a3e7152,2.388397216796875,0.0006749629974365234,0.0009138964232988656
WK8,WK,8,2048,43,104,2048,194b0036f6eed8ac0679b3de5ab18e204fa3e36fe5703a2f511e81d630aaf9a3,064c0b4ec4484b608e9ebe64d56ee52bae7dec939a75c427cf6d456609ede927,2.759122848510742,0.0030341148376464844,0.0010789120569825172
WK8,WK,8,2048,44,134,2048,6623021a970793613e7d29b9cfdb580ba70f8beeadf6f8022203685ee0d04d09,35a8240aced5f3342922bc29b4c3a0f2797fc85b5a25fdda70f322c4a98d814a,2.9815006256103516,0.001682281494140625,0.0009288899600505829
WK8,WK,8,2048,45,67,2048,5b7435eb8294094e094a8a5701b004aef2f50a4d5ff8da62df0d653d0d147c91,9f3d068bd2e1e4d34eb11f4d46868290394a0457735daae194d9535eeb8749f6,2.4741146564483643,0.0025787353515625,0.001021700561977923
WK8,WK,8,2048,46,52,2048,c42df66f179fec4bed6bc6ea75bb298576f34b33edb5192c11fbecd6ee5e2dbf,8efaca47c011af5cc3dbcc9976937b2db472b6883165a4b61b1c6d482177dd2e,2.395073652267456,0.0049402713775634766,0.0014525891747325659
WK8,WK,8,2048,47,123,2048,2b2bc4354b0f7c5298df20248b65999583dc40b7b5d8913860b58d4f31a67d71,92ec347e73f2c28e990fe2c167de0f568f58956826ad0a2ae3285dff6b3f6549,2.2731456756591797,-0.0007576942443847656,0.0009898270945996046
WK8,WK,8,2048,48,10,2048,b75ad37e7d25a7dc1e7d9e7e93724b6215417732940da4816877f2402295aa1b,6b09c3f673f36dba501cbeb6fdaae7f5829b08b1355f8db9c3c876f6379e35f8,2.6531052589416504,-0.002649545669555664,0.0011182734742760658
WK8,WK,8,2048,49,59,2048,795245b19899ac5ff529bac36cee69fad97689199431ad73acbed17d3dd720c0,d71ce66ffdcabc51b81db45c39f52e1e86cf9f8fe0444582f1fe9f503c045052,2.2738351821899414,-0.0027513504028320312,0.000999805866740644
WK8,WK,8,2048,50,90,2048,3eb8eb91c811f87efaeebe3e66e4f3897e5654c9e36a9d97d28cc38f7eaf90cf,30805a0e8a337cc57db7f2c0b50be3bcdf3272a1346162ff31b1ad6889f9fc52,2.8480660915374756,0.0023193359375,0.0010450821137055755
WK8,WK,8,2048,51,12,2048,3924e212376afcce822167775e4b7f6df72bd9d7a50dbd64e80a7c03b1f66fbc,37708bd58546c27bdb9cae546b81e57dc5a2eb6d47df5a0378d7042c4fd7d517,2.555173635482788,0.0031309127807617188,0.0011847112327814102
WK8,WK,8,2048,52,6,2048,c28653fc6962ad492ec2f12b1c4a8beb9b3c7bbb0e43bfde89118454817b1911,99d2ff942dee6e18b7310f08e0dd1b3be52ac486659065f315ab42c860f22c22,1.7744386196136475,0.0031800270080566406,0.0010133839678019285
WK8,WK,8,2048,53,98,2048,0261aee3ed953c97e4fb48910abf3791263f66ad55b9be4416d9fd65ab27ce53,8872cb58f2aa79bd2ac93fd12e7e93ece1e8d62f75e2fe6f9f5893b715a119f8,2.7666609287261963,-0.0008153915405273438,0.001010473701171577
WK8,WK,8,2048,54,62,2048,393e78b9d9b51099691e9c74ab844641e556e1535efa0e4137f7df16f6818990,38a27596f5954c7e8e4657b0f7dc66de70bbdc8b52b646f83742fb167a054de9,2.85109806060791,-0.00063323974609375,0.0009425656753592193
WK8,WK,8,2048,55,106,2048,b1f856d8e8c275e63f8a8288f5c8764488e7b3b158bcf40e8c2469cac18b1e6f,2c627def35cfa18f2ff5ab126f7c551da612364c88c94ca4778d21575f2d8793,2.7781481742858887,0.003525257110595703,0.0009982051560655236
WK8,WK,8,2048,56,48,2048,111e846c1afc51b385724b25cae254b8fa61a0f8e149f7314fdd2755acadefea,9c6bcd41850d9733d86da30d8d6afa6340b6e9a1991c63775d86720057114be2,2.799699068069458,-0.0036695003509521484,0.0010781136807054281
WK8,WK,8,2048,57,57,2048,d96ff1c537de5b06937f53c52ab2118bbd5ffbbad5f65869e80aefc960096fa9,0533da760b7430289edcb0ecc4a5aba86300b061c241ea3a61a9a96321b53322,2.0063397884368896,-0.0013709068298339844,0.0014509898610413074
WK8,WK,8,2048,58,89,2048,d1c1922e23951e32a5e86cbcef1277adfd4dc526531597871b17c992328ae3e2,3923c7bc803d17e21ed437c3f884591a3588622249807a36291c1f64acb51462,2.768805503845215,-0.0011768341064453125,0.001219306723214686
WK8,WK,8,2048,59,85,2048,7a73577bcda1b69b229dffce519dcda80cdac6bf9b9ad5ae1fb4b14b72e68f5e,c018fdc598792ea0693ad2bbe112fa4244d58227c28c329804b8c6711091f300,2.494452476501465,0.002364635467529297,0.000937065517064184
WK8,WK,8,2048,60,103,2048,012cc3d5a10bf9cf1283c429a3a0b4aac838a72e6ffc3199aebd05ab0544d2f8,411a89e73bb96f8e952c1fb17ae271fbbe727130554d2487fd271a065a06173b,2.5767319202423096,0.0008466243743896484,0.0010337810963392258
WK8,WK,8,2048,61,75,2048,9efbf84514b0fea9bb09d35d2dab9bd35ee4ee605bf6d81e21644e0d1f5b9042,9c472be30a0fccbaf0328a5d699042a37a297300c41334ada29ad935df57fe2e,2.5650594234466553,0.003607511520385742,0.0010040189372375607
WK8,WK,8,2048,62,51,2048,d5e97c1df65c6b9fdc4bb3d7ed0fb43e9f6a51caf6d1f9c3c10d12391920ad93,826d4c2394fab556d93fc50aa12353ee5c1b8ba340cc2b5d90a4dfe6230a1d6a,2.4510481357574463,-0.002166271209716797,0.0008984534651972353
WK8,WK,8,2048,63,43,2048,696893d293ec00b6be32eb5fe72ef425b858014926f21e7427d652154ec51c69,23a5e80c7e804a71baa38866b1723d47ec9104973a14945bd678e436c315cb3f,3.3227899074554443,0.0028486251831054688,0.0012898811837658286
WK4,WK,4,512,0,68,512,ae16cd2f87fc656abc0929021075a3b9ed61f3e88b34184754e7dbebd76ec193,08256215c109e87d3a72dfa0489d9857afb1e4c873b20a9855050de5b59437da,2.7948155403137207,0.01790308952331543,0.03174469247460365
WK4,WK,4,512,1,100,512,3b744cfa8d587e08d920606f255dd1689ab24c6276571e94ed0b74be1d01de43,25713b5578546ce636ce43536d8158b6f6a73a191cc66a03ed5b11784e21cc6e,3.096700668334961,0.039914608001708984,0.023585118353366852
WK4,WK,4,512,2,76,512,218ba9a35776a953f13e4b544faf23f37bab2530c1aa178ce5a18da6c78482be,7d3c80f663038307dc13a0f815e3778b452a435ba7d496806dbdf330ceac3ee0,2.8554916381835938,0.013355255126953125,0.013061887584626675
WK4,WK,4,512,3,140,512,99ad214b32ceb627ad7dcd26e7c4b968490d2921509ce77b169fa235b400825c,7671c21d03fc9a4d83c7f723cfcf939130c01a6c7b3ec7823dc31d6e7263d943,2.949319362640381,-0.01948261260986328,0.01670702174305916
WK4,WK,4,512,4,44,512,bfa95e7ec878842678803ae23d2a234a823eec1ccce4b61c63bedfe94615385d,c456c6ec69e7331b0b7c013a7377a60f693e7e74eac82c3aaa340066e042521b,3.8838133811950684,0.013903617858886719,0.01773688942193985
WK4,WK,4,512,5,20,512,0df6561709ae94fbe1d725835527b1025919ec0d4988ff7390e6b4617d148a0d,c1783a1aecf214b8e69bb00cdb61ea0e1823f8dc33e50cc8bd98e00de72b6314,2.221635103225708,0.02547001838684082,0.012931901961565018
WK4,WK,4,512,6,63,512,cb419afdeacc3f41a32badc0ebb2d0c499e6e00d780641ce39716478df0a20e5,861412028ae1bd379cc93139160cd0d9e6758e84f6347e077159c88cd83c7061,3.6995716094970703,0.01160573959350586,0.02019556052982807
WK4,WK,4,512,7,37,512,b8ac611453ddedc7866701f4724f89e267e033102f94cf1edc0fcef046767649,0ab46fccff21d8f4768f9458aac7ecca09d52c8a0f59b5124e1bb1c281128eb8,2.50168514251709,0.04689741134643555,0.020942658185958862
WK4,WK,4,512,8,142,512,3b878cc815eb2fd63fd166af88f34400e0044851af5f0199430452887354c73b,c6fc77e555e59488c7bf941f5fe2ddf1203ec29adba7ea64e262b9c61c8b3c04,2.7385568618774414,0.019631147384643555,0.017586741596460342
WK4,WK,4,512,9,54,512,c86b7db60afbc145d9762cf4ed3e9d4a646ab6beb6888ab76dfea844037ee385,d4e2357b45c895a3837df5ed504ec9c958364adcd1982e5bfdda624264699066,2.8504350185394287,0.003903627395629883,0.023083124309778214
WK4,WK,4,512,10,64,512,beaec156fbaa2cc61d2299fa20f7f0d8a42d1931fb6ef189b1b57fd78698a8bc,d7a22ad9f4026fab50e53fc63eb8fa8ff3164267a997dcdc6f31facd73d14233,3.1895415782928467,0.011546134948730469,0.01968972384929657
WK4,WK,4,512,11,82,512,a87dcf72965b9fd725594e983ccccafbff1f57504062f003d18769489fd7ea8e,3751210f5da4d56983a9edb710506df1239958a2a8a36654f223f62d48233904,2.5716464519500732,0.010845184326171875,0.018084147945046425
WK4,WK,4,512,12,125,512,ed4bc71e91b94bde605bf581c65860792a6c1e2992d889ac41c403096d155785,f67585beb4a8cdd5b8b31e251d29a7e09279f0d0a355c4d8cd90b11071355aa5,2.5449678897857666,-0.00777435302734375,0.01558308769017458
WK4,WK,4,512,13,25,512,d6aab0a496126054e48aa051bf1bb7ff85c1707e459a1405e9fb5871a99c9d77,d24849b4be0d0b0eac3ec00e9c4cdcaf714bcd92b314cb0e6412431aae68e06f,3.2982871532440186,0.0422213077545166,0.023660607635974884
WK4,WK,4,512,14,87,512,9b1a4ade0323a3a637607e28dde6a773faa87580f3f967d3d27f581731d262eb,b978b20d5267d054cb5a6cc8bc87d71330d70eb7eaf4011398577fbb4186bc25,2.6642823219299316,0.018320083618164062,0.023473519831895828
WK4,WK,4,512,15,18,512,19175ed1e88a1723548455982303dbb668ffa2879119aa2536679baedce70e1c,4b5642cb01e3c7fab6f171b7b5fe3e2093e064b0697dc0f6461b3cf96fee3666,2.8562333583831787,0.0029866695404052734,0.015026913955807686
WK4,WK,4,512,16,141,512,b1bb9ebc0420c60b2de6eb3d1b3dd33639e5e974c3e029df21b8de723d0050d2,c6529ade056fa5ad590f3d7b67bb5914d000d1949d0f03f6acb8286d6fee9fce,3.418161153793335,0.01847696304321289,0.014960217289626598
WK4,WK,4,512,17,130,512,1fdab8c48d099f86ec6048f89b43db1273768c11d43cdfdb2b102316b0c90378,644effaed3d64c5d78d31ef525516b354c50545a832d818930a38404ac3a3b9f,3.0930442810058594,0.04152250289916992,0.017425356432795525
WK4,WK,4,512,18,133,512,ce122db72e7ef3172517f7508e60b074cd0e48cffbbbbf5a6eaa07cbd36c0399,efcf13a92162dcbac73615cd17a4055c5bc6ebbaae804ac0fa7b8ea911b0bde8,2.6730282306671143,0.050322532653808594,0.029628463089466095
WK4,WK,4,512,19,33,512,dd3128a9ef793ddf9e9f294319a2b360cc15446ad5ad5e768d58375ac46f57d8,d1f96770ba4fff5f404d930d614910a50ffcf629145ab0c3a9be3a7d0d4a6a29,2.745241641998291,0.020366668701171875,0.013596905395388603
WK4,WK,4,512,20,102,512,5d859c5643c83feb10bbd789bd43b3d785eea3ba0e317a8dc4339205b49030a4,8d749c41e642f93c2c9e23b7c36b1a260110d08663e0709af65afb8be9818be7,2.888321876525879,0.001583099365234375,0.022666970267891884
WK4,WK,4,512,21,132,512,6301047c5e01b65f720a5df7598b0193b9a616788d3ebceea7c8ea3c557a6319,2a793c11483275658f9fcc85b3f70bf1ca9ccedf8d784f93673fdb70248d6262,2.783064842224121,0.03170013427734375,0.02261511981487274
WK4,WK,4,512,22,83,512,4a19f00faec7f7a4366c30d505fb475f2a7f192ab0d555bb147f7a479899ea97,0f5e77072631e58c2319b5180446366f7a46833c2eec564de75ece6a1d4ffea2,2.736935615539551,0.006986141204833984,0.01730012707412243
WK4,WK,4,512,23,101,512,98fd1552d1b6b33f61534cdfc6b173db98b9e091d5fa89e3738ff5e20555099f,0df69f0a17acddb90ae66ae6629fc602609bbf5f7a0fe733e5a724d3a9ba21c3,2.5180015563964844,0.01819753646850586,0.020121967419981956
WK4,WK,4,512,24,7,512,8628f147d8ba311f3331812340c7a0d3d29f803b14909474fe478fd9e71a860f,6f568a3ea896c63aa3ce960b5e1088c26f8a132354f2cf94c611ea6f3aa7588c,2.6305782794952393,-0.01322317123413086,0.017461493611335754
WK4,WK,4,512,25,21,512,a49f726c8d23b3d3338f988ce283efd804cb31fd133960f513b494f10c918afa,02356aaa666127b370708a5fc78fee6a48f84ff24e38ee53eb27f546488ef8b8,2.947373867034912,0.012600183486938477,0.016327690333127975
WK4,WK,4,512,26,74,512,175163fcdf2b738f5bdba615d91bbec70a2d6766ec75d92cff25a3b5d80029f9,01001a3e575af55b15ff3e3537a932f78439134aebab718d6c2926a840f557a7,3.5476129055023193,0.004647970199584961,0.022639431059360504
WK4,WK,4,512,27,97,512,c311158b5fa0b5f1221f9a397a704f66754fc02513d38a6e748451634004f2ee,c5394ba5aae3a0bbd6648757f669dfa515620f554cc0d533962c119fc9c366b8,3.080143928527832,0.004259347915649414,0.01519992109388113
WK4,WK,4,512,28,93,512,c9f42896c7c32f34c6db6e60d286b701f94c1ac24ef31c3df64cbc5e777aebd2,445f4169214d04606ee7bd860a76e6d9a5309133f2e4e93b4586385cb304713a,3.127983808517456,0.002614736557006836,0.01677975431084633
WK4,WK,4,512,29,45,512,115989fee52a2f958d8a70912f5a0148d025cece056a65329a8b13668f2d3532,5b0284ed5eeb833942eb4fb22120e4cceca24899ebf7abcfaad5d786db45dfb0,2.8742313385009766,-0.0032148361206054688,0.021878782659769058
WK4,WK,4,512,30,38,512,c620ca7a880f4f94b50e21893e805bb726552a7c6cfef9e0a503bca0bb5d8678,59d2ece4ff7b18dc6d5a3bf1f6eb330b37bf36780a042e2d3e9f176c2b475f9a,2.4762067794799805,0.002834320068359375,0.01527582947164774
WK4,WK,4,512,31,115,512,3f912710cbd320f42462b53d3823db0e82ae0e4038739ff5fb53954a3d2a6105,060a582ba59f6c2a8fedfa29cc123c3f656bd49005710c8343a837a5158e95f5,3.023000478744507,0.0033521652221679688,0.016912460327148438
WK4,WK,4,512,32,8,512,559b45f908701914464a398a4e23cbd2dfb27f0f616685418bbe0774face5a6e,cc8e0595a7e15fbb2080fd8ef63b4b198f7fffafa5b859b90cb0d41bee6a5ad6,2.4127960205078125,-0.03177309036254883,0.016342591494321823
WK4,WK,4,512,33,116,512,2f78d326cc0a7105fdb2e5a61e47c535a3358d457563c0678ccaad7456bfcaac,8fea6b19518798fc04451d274688a8fa6eb371a5146b3b070a6ebd27d05a0625,3.1744489669799805,-0.0055103302001953125,0.01900346204638481
WK4,WK,4,512,34,72,512,2f7c90082b8e4f35e68e68fbcba1692814d41595bec18578482d5b80505d881a,9dbc4089a84b42672bbb6f9eeaa48cd5e3f7417ad1a907f3000626abedb1d6cd,3.1258609294891357,0.017147302627563477,0.022158261388540268
WK4,WK,4,512,35,120,512,01e141aa9d676652f27cacf8ab88780d0484540fac271a62f976d214af9149fa,3450ba805db1aa894f32325471fbf9448fc348b352a851c853d3c8844e353145,3.3162147998809814,-0.008388519287109375,0.03541029617190361
WK4,WK,4,512,36,49,512,df7d4f6662a123670bc217259167c9d6c9f828f13bcd2fc5d5edd807a5d68a7c,5347734da6baec6e402c6847a72db52512f43b6a0edcd09ceb1eb3f923a7af0e,2.964163303375244,0.0007889270782470703,0.027066491544246674
WK4,WK,4,512,37,50,512,1c3bd6c353e6a779185ec2cb40ef64d8c301d5ff264c26db6291eae8572229dd,9dcb403873ab4a96716786b9a28d9a96e76cec3b790a0778616fab8478ad43a9,3.1260006427764893,-0.0010128021240234375,0.02311871200799942
WK4,WK,4,512,38,88,512,688111a06788bbd40c7736892676fa3687d1a1c1e1b2a364822dffb60acf1371,ec63481c58c7ee04521cd54e657ab30719e07e01ba379f2b0064eee1ec059448,2.832096576690674,-0.008298397064208984,0.02917022816836834
WK4,WK,4,512,39,86,512,48570697a4dd16a0b55c07054277a4d400361b2e40e120f9bd5a280079991a7f,f017ff30e5905c55f293a04449e1da60521d3043d943b46487158d7c97c078f5,2.9997074604034424,0.00560760498046875,0.023188211023807526
WK4,WK,4,512,40,69,512,2d4feeae75c71a033ddef463f9c049033211872b8173cacf8c61b2773b4ea977,d07765c8ad80133cbdaad2c2e6734d6acb3a97df0c86a3316f5f9b6ab2ec897b,2.785856008529663,0.03194141387939453,0.02274729311466217
WK4,WK,4,512,41,96,512,b2d66294528c77f2ce5542b63c560b53a019ef3855fc23f22e576e2c24a22af5,711f41b404997593de91e04fcc1f59688e1044f0fa4f719136967525d012500f,3.993640899658203,-0.016707420349121094,0.028103500604629517
WK4,WK,4,512,42,111,512,14d551e36a925b730c2fc620df4137bc0b3e07e504d9b5cb9fc5cb85d338e368,a1e4ee0bc81044d8d34d034b6006f7b58467d54ec34040550f16978e99753463,2.3651654720306396,-0.004929542541503906,0.014703439548611641
WK4,WK,4,512,43,104,512,2f973847de2910024e3dd468aef48343ee9914919544804bd2ce7b6274c96536,f5978599316fa5edaba4e3e44a42155b8b3abaf1a0d43ceb78648674621ece02,3.1945626735687256,0.046784400939941406,0.01951337791979313
WK4,WK,4,512,44,134,512,2140297a06f57efe14c78bd27f691bb449e014e4a75da0d2493d3cd6c8302ee2,74ee99cdf1afd846a2c84b4171b5fc476355866701b2fc98feeb8ddb62344725,3.3767600059509277,-0.008304595947265625,0.018425898626446724
WK4,WK,4,512,45,67,512,8dfa6ea1f5b51ac3a7421963acad90a2412786c75f0ce258b8fe5cb751fb0ad4,1d3c37901ea0c9f85af4c5918b812300ff2a9b77e4af07c1613a44b2b97afd1b,2.8059422969818115,-0.009988069534301758,0.015770917758345604
WK4,WK,4,512,46,52,512,a9975feaf08183a6c92b6780eaa11bfa8b4e009f8719664e0cf61daadee29ca6,67bee3d7b80f8eb2551e7a5b836e4cb00e1d024a9858e758e922b2c4c0454242,2.947604179382324,0.012938976287841797,0.02092880941927433
WK4,WK,4,512,47,123,512,f2f8c6f9fd0d5737ecef01872a27479d40c0128542bcdc2f650aacfa0871228d,1a41da669635ddfdd017a46cc49fb42e02dcdcc79f94f8db4e769b1a8e9dd28d,2.4379565715789795,-0.009721755981445312,0.016326414421200752
WK4,WK,4,512,48,10,512,1110fb9e38dfc961e91bbca80cdbcb7aec9255667d4be62b7d64ad2008086430,5ca63fbb2f66470d41065f1cb002e9a06d16b6336ec72af2dd76c4b09b39c6cb,2.9188876152038574,0.0018157958984375,0.01786113530397415
WK4,WK,4,512,49,59,512,2ffb864d7680fe2f03e9c96a8ca13a1dcd9201d972b58055cdf1c54c016b3869,2a9d55bf974b6c85a74990d4db11f6f84941cdbd5670a5a770cf2dab7d82615f,2.6886019706726074,0.018497228622436523,0.0196292195469141
WK4,WK,4,512,50,90,512,565645b7de1588ccca175836fbe0a3445769209c98d06526c129fb453a20df82,ad1fd58631acbdc8259bf9f683638e317ea451b3ad19c0dacc669cb05c5aaede,2.884824275970459,0.0071103572845458984,0.015153015032410622
WK4,WK,4,512,51,12,512,47020c49aa9953b482fafbade3c350c281f1d37768dfd620ed4ed22215dffc21,a8a469a68d7b569db199606d9811dbb31b560edf39ff7ac7743bfa1dd2422dae,2.7118189334869385,0.017351388931274414,0.01329723559319973
WK4,WK,4,512,52,6,512,f6f428baca66fc8aa223e265fe167e8f3e66b33ee52ee27c5cfacd6988b6cffb,8fda12a3276f553c32781879a2907020a1b95b120a4008c5d047ee9404635781,2.232201099395752,0.027217864990234375,0.02715086005628109
WK4,WK,4,512,53,98,512,612685c9a843162b260eb1a39ea04835df7f4205fda89d2ee9029057956c4a2c,577b2892864b4039ebacae0fd392d9f9265698e6e2c31b00c3020887b5487ac1,3.1065216064453125,0.02384352684020996,0.021935660392045975
WK4,WK,4,512,54,62,512,407e23a40d3b79a8ef1ed65739952a2967c01fb71f5ae80eca89f950966070c5,c87c89b138f647b50ea3517602b97c2017b3e81b8eb3f64e4fe71550705510ec,3.2933030128479004,0.019676685333251953,0.015434816479682922
WK4,WK,4,512,55,106,512,476847f11f8a83faeb4e3bb899f53f96dc04ee45ec360473b86b6fef85c520ec,c2e2d40d2e76ab39489312b4815e565bf71bded2423c32063665c90306b8b484,2.6733548641204834,0.022312402725219727,0.017374511808156967
WK4,WK,4,512,56,48,512,683524ce59e2c3b9a90e4b6f80a2dc506837423066ee0069e0e9bd3a031cfcd3,c83d0c1969861d1c14c26919385156d653da6b82fe574ec002a483eb773a1a37,2.6494016647338867,0.029065608978271484,0.023090004920959473
WK4,WK,4,512,57,57,512,d188307729885676d91094312beea8f9c6bdfe7b46d34ce19d3176b30f8d6721,8c56774c0912494f5718c16f24cadd18817d67ca61765ac7717e2f381efc69b1,2.5716919898986816,0.05916738510131836,0.01767166331410408
WK4,WK,4,512,58,89,512,7d37ebde45fe5a1327f7415b722a2152ba19239541b5b86171ad09110b88126b,583d6f94ff03af842635d512bee8f43a5e4536c5cd7db354fc202265110672f9,3.5231146812438965,0.09763431549072266,0.027390118688344955
WK4,WK,4,512,59,85,512,f787ea5a78872e8cac0aacadf2135dc6f7970768214b8a724acb5141af243601,65bb6d6a06285ce23477dcd5ab9e9eb0cbc60019a59f3b7448f7618685b1fdd0,2.746302366256714,-0.025571107864379883,0.02118528261780739
WK4,WK,4,512,60,103,512,d68e8446d1f26fb4d13d7a806b96bea17f0630142bad0e74001b06c29ca2bd92,c2b4715ef6abbb41a35e1350e447684bb0d0dbd57d2fb9d9a3e6b9b7240d0a98,2.9233689308166504,0.021807432174682617,0.016184452921152115
WK4,WK,4,512,61,75,512,ca5268e69cb922f0dc43cf2131274a5f43fb65f8bcbbac618b4a43e9b99b0a85,2e8b2d3f0426eba924b4a98379eb92d2e64dc03bc9ecf594495fb9bef1510012,2.5769708156585693,0.012912511825561523,0.015066612511873245
WK4,WK,4,512,62,51,512,5b3a8d8d253edbd82b4e45c124e433b1f329522e7a41a910b62fc2e161722a08,eadf4728fbc642b26417a5d55a5b564a5ac77fb435a5a9b5e3b6c4c4c620f114,3.2880544662475586,0.05667257308959961,0.019700778648257256
WK4,WK,4,512,63,43,512,02aee5e343d97256d44fe0eb9c3f77668c53371f95c184e97dd53a610d530752,a10032c97181f82d2cdc3b9207991e6fae9b82c6ed45b476bbe0ea5cf36aab8e,3.826287031173706,0.04932093620300293,0.019286606460809708
WK4,WK,4,2048,0,68,2048,7fa3218d5c0877a221d93c331014b13f9b0269f66ee885045391d7f6925bc18b,8ef5a58d30706108e4424bc7fd5ead54afe73dcf5205e88fd588fe5e14ce67ba,2.488187313079834,0.010449647903442383,0.023092785850167274
WK4,WK,4,2048,1,100,2048,727c409a44db036aaf99d9825120b8c5475979820ff1880281ca6700d93e997c,790974994d1df4ee2511c0a11d2a4b63b3f94cbc857670ebc32bd86a120c13c3,2.4662864208221436,0.013040781021118164,0.02033723145723343
WK4,WK,4,2048,2,76,2048,de5839302a1f8be2c62c604f2a574a4e959bf6b8903e83a6528c3e8615c4c71b,c10726a949d67a001e8537b229d682cb6f430e75a3868ab2eae32d9da26409f9,2.5168280601501465,-0.00033283233642578125,0.013803509995341301
WK4,WK,4,2048,3,140,2048,5b5fbf9ed2f90d3b56310892d916c60c1590342ea5efacb9055505dca880067b,d5207eb0c712b5e67966701a30db2e91852ae6e21ce9c45201858637c2f46300,3.0618393421173096,-0.0051305294036865234,0.016911165788769722
WK4,WK,4,2048,4,44,2048,e83fe1126ef11362ca2c510be3b9d801a80d2ba95739f3b5bfdc1c5bdc635f58,d74147700327ce101764c03fed40a4e9745f79d073ec2b8c2585e025a259eb33,3.1480634212493896,0.02221202850341797,0.015555769205093384
WK4,WK,4,2048,5,20,2048,7297e92a528f854e162bf26846df4827597b3fef35dc0f8f0d160c27e12b82c3,3692af9e0a10e0563d9321971b56df001f57667c95cf35add673d55ed7e23fa7,2.5164613723754883,0.0038132667541503906,0.016244888305664062
WK4,WK,4,2048,6,63,2048,8d664704323e367f28e3fd14b1876e6e79b849e0a92a52cb7ab13e1f007648bd,010e9d87cbe94cd96a9c80e5a3acdb481237f902e2804ea887c5699d00f93f28,3.255033254623413,0.0024323463439941406,0.01950734853744507
WK4,WK,4,2048,7,37,2048,43eb711a5f90c2da86caadb1f57a6d78e33dd772ea669a188885cf29a856c8a9,e94543186b5037fa285edb016058de7c6a1c24f0ec5d2694716bbc221f735ca8,2.075718879699707,0.02486109733581543,0.01972147822380066
WK4,WK,4,2048,8,142,2048,60f0636d47d2144bac213771617e6d26b641c621ca5598aa6f94d92f168e4440,961aeef219281deb3487d874ef56d4a1feeb09133cbb127c516026756b7d403d,2.8165409564971924,0.00602412223815918,0.016596822068095207
WK4,WK,4,2048,9,54,2048,f2d06d6fadbb94a6b9673c03f34c5702bc62868f6af9464c5fafaf71bb3a7452,f825257be6a05712af7879420152d60daed2ff0ae2a63a9fc03ed9511493c1f2,2.2151472568511963,-0.0015931129455566406,0.01892138086259365
WK4,WK,4,2048,10,64,2048,309614f012e5fce8093ce5bd71979c6769344662aea1ad23a758d80708177086,5a689a9bb73117e9c73743ba89fbb373d253f702ca903217581c61da3020d81a,2.412635087966919,0.008496999740600586,0.017869215458631516
WK4,WK,4,2048,11,82,2048,86b2e0be9829fa6afb50279461e5110faf95d29913a0b230fb6cf8d31281b03a,6e77798e36b094b40ae44b70ba876c18c99fcacb76db84d01723e016f28d9933,2.1577250957489014,-0.0016524791717529297,0.014714493416249752
WK4,WK,4,2048,12,125,2048,0316e0ba92bc822a1de2775956f65f0c449bd8c94ec709d81a23aad83fd15618,214473bd123f552092a6e64a2a3621184d456c2f0d32d3655533ba4c0f6adfda,2.7896571159362793,-0.011284112930297852,0.020222334191203117
WK4,WK,4,2048,13,25,2048,fb26dda67f40a157e5ce636f903062716d27e87ec6b75b77ae16773d4868ab89,b8c27a347ba7cd7ec1011c72802452816fdd20b467d1acf46668b8b7a5a2289e,2.7751598358154297,0.009640932083129883,0.020667100325226784
WK4,WK,4,2048,14,87,2048,d26d8831d4c6979689eccc963c941dacc2bb0f37fcc3467d1cef84078b6e23b3,0e26ddd8753ff529d3768c603e1b0a8ad9517c33a7e2bc26e322019bc3e7508b,2.525351047515869,0.014520883560180664,0.02096942439675331
WK4,WK,4,2048,15,18,2048,2ad8fea8eaecfc4553fbe62df1d5188f2ba449614bb15e7d1b2abbf345a06b25,94b444d9a3f586aa986876eb813ff24e32e2c4a560e2e6f9dece8e2df242a679,2.4662115573883057,-0.0068132877349853516,0.015197083353996277
WK4,WK,4,2048,16,141,2048,b7ab366b5b5a4f68aee22bbff6cfe4218a75efcc7c1b2ad2456e37b059101498,2be48fd263dbe7cefc17f7bdc88170c66cc1f4be1d216141a7a3ff6912f00b41,2.673139810562134,0.0052340030670166016,0.022239098325371742
WK4,WK,4,2048,17,130,2048,b62d53caadce94fd5ba6fa7cdfa65ed44699a81a82dca75cc95417b342a3c51e,a963b5699afebb47190fd1b00e793b97d22f8bde30db62ff5205aacff596f9ec,2.5997397899627686,0.0232388973236084,0.023936068639159203
WK4,WK,4,2048,18,133,2048,5797ba35b7ce0b63444139260cd65066076e06aa4b806b1d02e0c8a2b0102414,5a168b747e18c2198035a699c6733e1d2599eec07a962204e9fddc525219ed30,2.5336906909942627,0.012015104293823242,0.0177477914839983
WK4,WK,4,2048,19,33,2048,d20445cc193883501468e35adfada5878439f438af3dc6844777523111576558,6954d31dd34b120c9ab2b7833f74bd5922bc512f883bc47d94195e8780302755,2.505460739135742,0.011958122253417969,0.016159487888216972
WK4,WK,4,2048,20,102,2048,57841b4586f83294fc5729b94566df9615b3b04974af798add7ae75c8b79f2d3,7724d043965d6163663a8328c72325922ec1f831eca6cf0624850025699e60d6,2.816026210784912,-0.0005049705505371094,0.016507571563124657
WK4,WK,4,2048,21,132,2048,ebe7817d56ad234df4deb7efb8e4a5fca5774e1b3cabc1dd0a0335618ec4961a,a959ae63e8fd1d94df13ae7ce75516b73ed0f39f5cae77994704057859fdec5f,2.5141639709472656,0.00806427001953125,0.017219586297869682
WK4,WK,4,2048,22,83,2048,0ff04edd0674d3d12caf3774f80e9155f7181b923be2ecc75eb6f9e9be756f41,618e93f2e58f4c7f136a5d1febacad4143402137b30c052b99b7179f437b5ebe,2.1765921115875244,0.004662513732910156,0.013469025492668152
WK4,WK,4,2048,23,101,2048,810951661c56ef3c1b9b659222ae0bca609f1c07f8036b9e327293da15f371aa,bc0baafb97b97d691efb2a5ec641656058353eb19aef6689403796499044ce4d,2.622788190841675,0.02209782600402832,0.018062174320220947
WK4,WK,4,2048,24,7,2048,41e06daa2a7e37533d6fffcf2661e9e0e6bdd80a8f8d18e54bc9be26a76a054a,7e99d981947b5f318bb42da217df580bdce04d5dc13ce96e8c17a147efa7463b,2.402928590774536,0.011565446853637695,0.02166980691254139
WK4,WK,4,2048,25,21,2048,df7e33adad9e3ede3627d728d75a1108c18befe55c36441fbfb7c356ccec116b,4f6cad4813e36d69870a7b3002cb9b847600d8e78d5f8332bc9615891ec28902,2.890721082687378,0.010000944137573242,0.018550975248217583
WK4,WK,4,2048,26,74,2048,7cd1b0efcf370504101019d10b314309f11a37f0ead924f09da71f83a5c2c8d2,e5074e0575902b83a57eddcd2bc2ad2ad046a127acd8c395de488bf5a4166564,2.654548406600952,0.0067064762115478516,0.01953802816569805
WK4,WK,4,2048,27,97,2048,44b7b8544c5d1e2aa738d3bae9e35d03e35daafcf87431dfe3e5a2b3d77f89a0,e344c2edb60abad53141095e4f04ef9e8e97c76c5d09b77882cd28f45fdd897a,3.0350942611694336,-0.0003452301025390625,0.014990636147558689
WK4,WK,4,2048,28,93,2048,6eb56b8c416e857cc5bf5fffd1f31290a1b6b0d2ff1bc8a9b2f795ad6bffb602,1ca4b4b8f82c674774e1774730ba65bf017f8323e1452aebea426356f148c460,2.9959805011749268,0.0007071495056152344,0.015101870521903038
WK4,WK,4,2048,29,45,2048,7907c4635e56710fea650a063d9df965f67dd0b53d4c180d3ce2eb5b79629e1c,e97f332366fcfa6a6614e78e696d91d8f8399eea6e198cb2de1f410d5e33dd20,2.961780071258545,0.011942386627197266,0.01944362185895443
WK4,WK,4,2048,30,38,2048,2aa9ba64e24973c9ea5870ab2b2addab92242167cd079c50d5a2768033bc7fa7,c316e7dc6a4bb8b433c5c0dfce05834ba4915f0b6a5ca205ab105146837c8b39,2.163862705230713,0.006470680236816406,0.017773902043700218
WK4,WK,4,2048,31,115,2048,c1c45b89c803ab3ea9d5d8dfd237bfa4208784fb2750e3776a8a9b49fc4abef1,533a47d55446fcf666704ba8ed23852f8e4a1d41e5f806f050c597a7f8c50c7b,2.7697856426239014,0.002160787582397461,0.017787981778383255
WK4,WK,4,2048,32,8,2048,07e7acf1c60a54d81f6df25c939b3b21ed695fd2fb59caed81916f0c4f707356,bdeb930a4207b8ff5ff249d0f3ee6fcde3dc58085c4bbde6b433293cf0a61273,2.6051270961761475,-0.01818537712097168,0.0190699715167284
WK4,WK,4,2048,33,116,2048,f959970dde811e8c8e5d861c0903e42b89f09c24b19135c8152fa01642bb81a2,0685a518770b23c4d3f80b498a001c334920e67e44d40a9150eda130137865b9,2.9261562824249268,0.0004889965057373047,0.0162715595215559
WK4,WK,4,2048,34,72,2048,f2c268e2e4089895cc36a0409f7f1f891887db3508bf22e9148a4b702f12a668,b0b619b31d20f2c29dbb766b917dbd86b8a50afb135e168b3734540ca9c9fb35,2.982480049133301,-0.00013399124145507812,0.027972500771284103
WK4,WK,4,2048,35,120,2048,2a6a0c3843fb9876d3c15da81a5d7793ae4ef5a612471f58c6eee2b6bda5a500,780f6a0375f372d30edcd4c5a61f1bc4544aa4fc1b334e7f43aaa46236482054,2.7671446800231934,-0.012568950653076172,0.023749446496367455
WK4,WK,4,2048,36,49,2048,bbf015dc98d089a483ee657bb417b2f8df90908e49032f9ef4f09bfa44a6802a,18c916d13b82b14e38589a1d0c4835e4df2bb26eefb4bb07ccf03ef0be081bab,2.454698085784912,-0.004343509674072266,0.023639200255274773
WK4,WK,4,2048,37,50,2048,4db36b854aa496a979993dae42abfa30d51669c4089495df01169bfd82246d33,351074286b5a34fa8adf99e04d3644cc163def76a9aae628478b069e5a32f044,2.830059289932251,0.0007185935974121094,0.01683790795505047
WK4,WK,4,2048,38,88,2048,6f66de84b84ada174908af403445d9b255009b390102e9dc9760b816611b66dd,49a7c93f0f2af5f780fffea7064d9d241e2509dced42c3abbd32a56e492ce2aa,2.7360315322875977,-0.014152050018310547,0.01998782344162464
WK4,WK,4,2048,39,86,2048,f61d15167f8d4133ea214c6666aea81a11ca189ca4a51df3d7df4a9f32dbfc41,c5e210333fdce11cf0ffc53cbd016048c41ba65eea40da1ebf27e6289a545d74,2.425807476043701,0.010430335998535156,0.020685067400336266
WK4,WK,4,2048,40,69,2048,ecb1483dc2e18caffacf41f5e510aeeee70b01740c46e4d338fbff394cfa1e65,79231f9fedce47c9c1feb74a08316a3b500170a537fc2f2351a8f8a721821c13,2.6592016220092773,0.016056299209594727,0.02738221175968647
WK4,WK,4,2048,41,96,2048,60c27b336ed6a8c18fcde80ee352f70080acee19cc854da8827c632921b61b5e,8c3e5ff1d60b7548fcd1a4f8c417514060ed9b659b7a5a575c14ef1925104cfd,2.8944571018218994,-0.011760950088500977,0.02220921777188778
WK4,WK,4,2048,42,111,2048,054544cd89aed87b240dcb8f3350fd75fa66f9e7b310fa040ad62159998db107,13a648594c238852dd1b3abf875dd8bf4a1978c053d642bddd1692473a3e7152,2.391765832901001,0.0040435791015625,0.013087754137814045
WK4,WK,4,2048,43,104,2048,194b0036f6eed8ac0679b3de5ab18e204fa3e36fe5703a2f511e81d630aaf9a3,064c0b4ec4484b608e9ebe64d56ee52bae7dec939a75c427cf6d456609ede927,2.782561779022217,0.026473045349121094,0.015854038298130035
WK4,WK,4,2048,44,134,2048,6623021a970793613e7d29b9cfdb580ba70f8beeadf6f8022203685ee0d04d09,35a8240aced5f3342922bc29b4c3a0f2797fc85b5a25fdda70f322c4a98d814a,2.974790573120117,-0.00502777099609375,0.0141519233584404
WK4,WK,4,2048,45,67,2048,5b7435eb8294094e094a8a5701b004aef2f50a4d5ff8da62df0d653d0d147c91,9f3d068bd2e1e4d34eb11f4d46868290394a0457735daae194d9535eeb8749f6,2.4748129844665527,0.0032770633697509766,0.02042737789452076
WK4,WK,4,2048,46,52,2048,c42df66f179fec4bed6bc6ea75bb298576f34b33edb5192c11fbecd6ee5e2dbf,8efaca47c011af5cc3dbcc9976937b2db472b6883165a4b61b1c6d482177dd2e,2.3881711959838867,-0.0019621849060058594,0.022257588803768158
WK4,WK,4,2048,47,123,2048,2b2bc4354b0f7c5298df20248b65999583dc40b7b5d8913860b58d4f31a67d71,92ec347e73f2c28e990fe2c167de0f568f58956826ad0a2ae3285dff6b3f6549,2.265319347381592,-0.008584022521972656,0.015612546354532242
WK4,WK,4,2048,48,10,2048,b75ad37e7d25a7dc1e7d9e7e93724b6215417732940da4816877f2402295aa1b,6b09c3f673f36dba501cbeb6fdaae7f5829b08b1355f8db9c3c876f6379e35f8,2.6529743671417236,-0.002780437469482422,0.017832718789577484
WK4,WK,4,2048,49,59,2048,795245b19899ac5ff529bac36cee69fad97689199431ad73acbed17d3dd720c0,d71ce66ffdcabc51b81db45c39f52e1e86cf9f8fe0444582f1fe9f503c045052,2.2862017154693604,0.009615182876586914,0.016651546582579613
WK4,WK,4,2048,50,90,2048,3eb8eb91c811f87efaeebe3e66e4f3897e5654c9e36a9d97d28cc38f7eaf90cf,30805a0e8a337cc57db7f2c0b50be3bcdf3272a1346162ff31b1ad6889f9fc52,2.8584163188934326,0.012669563293457031,0.01752195507287979
WK4,WK,4,2048,51,12,2048,3924e212376afcce822167775e4b7f6df72bd9d7a50dbd64e80a7c03b1f66fbc,37708bd58546c27bdb9cae546b81e57dc5a2eb6d47df5a0378d7042c4fd7d517,2.5643157958984375,0.012273073196411133,0.01485818438231945
WK4,WK,4,2048,52,6,2048,c28653fc6962ad492ec2f12b1c4a8beb9b3c7bbb0e43bfde89118454817b1911,99d2ff942dee6e18b7310f08e0dd1b3be52ac486659065f315ab42c860f22c22,1.7979601621627808,0.02670156955718994,0.025759560987353325
WK4,WK,4,2048,53,98,2048,0261aee3ed953c97e4fb48910abf3791263f66ad55b9be4416d9fd65ab27ce53,8872cb58f2aa79bd2ac93fd12e7e93ece1e8d62f75e2fe6f9f5893b715a119f8,2.7711942195892334,0.0037178993225097656,0.01873493567109108
WK4,WK,4,2048,54,62,2048,393e78b9d9b51099691e9c74ab844641e556e1535efa0e4137f7df16f6818990,38a27596f5954c7e8e4657b0f7dc66de70bbdc8b52b646f83742fb167a054de9,2.8633856773376465,0.011654376983642578,0.01868434064090252
WK4,WK,4,2048,55,106,2048,b1f856d8e8c275e63f8a8288f5c8764488e7b3b158bcf40e8c2469cac18b1e6f,2c627def35cfa18f2ff5ab126f7c551da612364c88c94ca4778d21575f2d8793,2.7792727947235107,0.0046498775482177734,0.018911190330982208
WK4,WK,4,2048,56,48,2048,111e846c1afc51b385724b25cae254b8fa61a0f8e149f7314fdd2755acadefea,9c6bcd41850d9733d86da30d8d6afa6340b6e9a1991c63775d86720057114be2,2.8099782466888428,0.006609678268432617,0.01962815225124359
WK4,WK,4,2048,57,57,2048,d96ff1c537de5b06937f53c52ab2118bbd5ffbbad5f65869e80aefc960096fa9,0533da760b7430289edcb0ecc4a5aba86300b061c241ea3a61a9a96321b53322,2.0365889072418213,0.028878211975097656,0.02052912302315235
WK4,WK,4,2048,58,89,2048,d1c1922e23951e32a5e86cbcef1277adfd4dc526531597871b17c992328ae3e2,3923c7bc803d17e21ed437c3f884591a3588622249807a36291c1f64acb51462,2.805506944656372,0.035524606704711914,0.020894594490528107
WK4,WK,4,2048,59,85,2048,7a73577bcda1b69b229dffce519dcda80cdac6bf9b9ad5ae1fb4b14b72e68f5e,c018fdc598792ea0693ad2bbe112fa4244d58227c28c329804b8c6711091f300,2.493448257446289,0.0013604164123535156,0.017454639077186584
WK4,WK,4,2048,60,103,2048,012cc3d5a10bf9cf1283c429a3a0b4aac838a72e6ffc3199aebd05ab0544d2f8,411a89e73bb96f8e952c1fb17ae271fbbe727130554d2487fd271a065a06173b,2.584289073944092,0.008403778076171875,0.01925673708319664
WK4,WK,4,2048,61,75,2048,9efbf84514b0fea9bb09d35d2dab9bd35ee4ee605bf6d81e21644e0d1f5b9042,9c472be30a0fccbaf0328a5d699042a37a297300c41334ada29ad935df57fe2e,2.549243211746216,-0.012208700180053711,0.017480898648500443
WK4,WK,4,2048,62,51,2048,d5e97c1df65c6b9fdc4bb3d7ed0fb43e9f6a51caf6d1f9c3c10d12391920ad93,826d4c2394fab556d93fc50aa12353ee5c1b8ba340cc2b5d90a4dfe6230a1d6a,2.468494415283203,0.015280008316040039,0.015808584168553352
WK4,WK,4,2048,63,43,2048,696893d293ec00b6be32eb5fe72ef425b858014926f21e7427d652154ec51c69,23a5e80c7e804a71baa38866b1723d47ec9104973a14945bd678e436c315cb3f,3.3313956260681152,0.011454343795776367,0.02166644111275673
WV8,WV,8,512,0,68,512,ae16cd2f87fc656abc0929021075a3b9ed61f3e88b34184754e7dbebd76ec193,08256215c109e87d3a72dfa0489d9857afb1e4c873b20a9855050de5b59437da,2.7782278060913086,0.0013153553009033203,0.0016237584641203284
WV8,WV,8,512,1,100,512,3b744cfa8d587e08d920606f255dd1689ab24c6276571e94ed0b74be1d01de43,25713b5578546ce636ce43536d8158b6f6a73a191cc66a03ed5b11784e21cc6e,3.0573105812072754,0.0005245208740234375,0.0011688151862472296
WV8,WV,8,512,2,76,512,218ba9a35776a953f13e4b544faf23f37bab2530c1aa178ce5a18da6c78482be,7d3c80f663038307dc13a0f815e3778b452a435ba7d496806dbdf330ceac3ee0,2.842991828918457,0.0008554458618164062,0.0010000020265579224
WV8,WV,8,512,3,140,512,99ad214b32ceb627ad7dcd26e7c4b968490d2921509ce77b169fa235b400825c,7671c21d03fc9a4d83c7f723cfcf939130c01a6c7b3ec7823dc31d6e7263d943,2.9687891006469727,-1.2874603271484375e-05,0.0010247997706755996
WV8,WV,8,512,4,44,512,bfa95e7ec878842678803ae23d2a234a823eec1ccce4b61c63bedfe94615385d,c456c6ec69e7331b0b7c013a7377a60f693e7e74eac82c3aaa340066e042521b,3.862898349761963,-0.00701141357421875,0.0015433426015079021
WV8,WV,8,512,5,20,512,0df6561709ae94fbe1d725835527b1025919ec0d4988ff7390e6b4617d148a0d,c1783a1aecf214b8e69bb00cdb61ea0e1823f8dc33e50cc8bd98e00de72b6314,2.200798988342285,0.004633903503417969,0.0009728482691571116
WV8,WV,8,512,6,63,512,cb419afdeacc3f41a32badc0ebb2d0c499e6e00d780641ce39716478df0a20e5,861412028ae1bd379cc93139160cd0d9e6758e84f6347e077159c88cd83c7061,3.680020570755005,-0.00794529914855957,0.0013862622436136007
WV8,WV,8,512,7,37,512,b8ac611453ddedc7866701f4724f89e267e033102f94cf1edc0fcef046767649,0ab46fccff21d8f4768f9458aac7ecca09d52c8a0f59b5124e1bb1c281128eb8,2.4556751251220703,0.0008873939514160156,0.0012754409108310938
WV8,WV,8,512,8,142,512,3b878cc815eb2fd63fd166af88f34400e0044851af5f0199430452887354c73b,c6fc77e555e59488c7bf941f5fe2ddf1203ec29adba7ea64e262b9c61c8b3c04,2.722963809967041,0.004038095474243164,0.00107896130066365
WV8,WV,8,512,9,54,512,c86b7db60afbc145d9762cf4ed3e9d4a646ab6beb6888ab76dfea844037ee385,d4e2357b45c895a3837df5ed504ec9c958364adcd1982e5bfdda624264699066,2.845850944519043,-0.0006804466247558594,0.001170686911791563
WV8,WV,8,512,10,64,512,beaec156fbaa2cc61d2299fa20f7f0d8a42d1931fb6ef189b1b57fd78698a8bc,d7a22ad9f4026fab50e53fc63eb8fa8ff3164267a997dcdc6f31facd73d14233,3.1751580238342285,-0.0028374195098876953,0.0014605255564674735
WV8,WV,8,512,11,82,512,a87dcf72965b9fd725594e983ccccafbff1f57504062f003d18769489fd7ea8e,3751210f5da4d56983a9edb710506df1239958a2a8a36654f223f62d48233904,2.5609474182128906,0.0001461505889892578,0.0010579575318843126
WV8,WV,8,512,12,125,512,ed4bc71e91b94bde605bf581c65860792a6c1e2992d889ac41c403096d155785,f67585beb4a8cdd5b8b31e251d29a7e09279f0d0a355c4d8cd90b11071355aa5,2.5568411350250244,0.0040988922119140625,0.0011868749279528856
WV8,WV,8,512,13,25,512,d6aab0a496126054e48aa051bf1bb7ff85c1707e459a1405e9fb5871a99c9d77,d24849b4be0d0b0eac3ec00e9c4cdcaf714bcd92b314cb0e6412431aae68e06f,3.246006488800049,-0.010059356689453125,0.0011700574541464448
WV8,WV,8,512,14,87,512,9b1a4ade0323a3a637607e28dde6a773faa87580f3f967d3d27f581731d262eb,b978b20d5267d054cb5a6cc8bc87d71330d70eb7eaf4011398577fbb4186bc25,2.643793821334839,-0.002168416976928711,0.0011573722586035728
WV8,WV,8,512,15,18,512,19175ed1e88a1723548455982303dbb668ffa2879119aa2536679baedce70e1c,4b5642cb01e3c7fab6f171b7b5fe3e2093e064b0697dc0f6461b3cf96fee3666,2.855433940887451,0.0021872520446777344,0.0010753488168120384
WV8,WV,8,512,16,141,512,b1bb9ebc0420c60b2de6eb3d1b3dd33639e5e974c3e029df21b8de723d0050d2,c6529ade056fa5ad590f3d7b67bb5914d000d1949d0f03f6acb8286d6fee9fce,3.404937505722046,0.005253314971923828,0.000998472678475082
WV8,WV,8,512,17,130,512,1fdab8c48d099f86ec6048f89b43db1273768c11d43cdfdb2b102316b0c90378,644effaed3d64c5d78d31ef525516b354c50545a832d818930a38404ac3a3b9f,3.0482821464538574,-0.0032396316528320312,0.0011886073043569922
WV8,WV,8,512,18,133,512,ce122db72e7ef3172517f7508e60b074cd0e48cffbbbbf5a6eaa07cbd36c0399,efcf13a92162dcbac73615cd17a4055c5bc6ebbaae804ac0fa7b8ea911b0bde8,2.6222896575927734,-0.00041604042053222656,0.0021353643387556076
WV8,WV,8,512,19,33,512,dd3128a9ef793ddf9e9f294319a2b360cc15446ad5ad5e768d58375ac46f57d8,d1f96770ba4fff5f404d930d614910a50ffcf629145ab0c3a9be3a7d0d4a6a29,2.723663568496704,-0.001211404800415039,0.001060769776813686
WV8,WV,8,512,20,102,512,5d859c5643c83feb10bbd789bd43b3d785eea3ba0e317a8dc4339205b49030a4,8d749c41e642f93c2c9e23b7c36b1a260110d08663e0709af65afb8be9818be7,2.8841347694396973,-0.0026040077209472656,0.0012822473654523492
WV8,WV,8,512,21,132,512,6301047c5e01b65f720a5df7598b0193b9a616788d3ebceea7c8ea3c557a6319,2a793c11483275658f9fcc85b3f70bf1ca9ccedf8d784f93673fdb70248d6262,2.746079206466675,-0.005285501480102539,0.001115563791245222
WV8,WV,8,512,22,83,512,4a19f00faec7f7a4366c30d505fb475f2a7f192ab0d555bb147f7a479899ea97,0f5e77072631e58c2319b5180446366f7a46833c2eec564de75ece6a1d4ffea2,2.7307024002075195,0.0007529258728027344,0.0014907915610820055
WV8,WV,8,512,23,101,512,98fd1552d1b6b33f61534cdfc6b173db98b9e091d5fa89e3738ff5e20555099f,0df69f0a17acddb90ae66ae6629fc602609bbf5f7a0fe733e5a724d3a9ba21c3,2.5051374435424805,0.005333423614501953,0.0012652530567720532
WV8,WV,8,512,24,7,512,8628f147d8ba311f3331812340c7a0d3d29f803b14909474fe478fd9e71a860f,6f568a3ea896c63aa3ce960b5e1088c26f8a132354f2cf94c611ea6f3aa7588c,2.6453263759613037,0.0015249252319335938,0.0010814828565344214
WV8,WV,8,512,25,21,512,a49f726c8d23b3d3338f988ce283efd804cb31fd133960f513b494f10c918afa,02356aaa666127b370708a5fc78fee6a48f84ff24e38ee53eb27f546488ef8b8,2.931877851486206,-0.002895832061767578,0.0011434602783992887
WV8,WV,8,512,26,74,512,175163fcdf2b738f5bdba615d91bbec70a2d6766ec75d92cff25a3b5d80029f9,01001a3e575af55b15ff3e3537a932f78439134aebab718d6c2926a840f557a7,3.544905662536621,0.0019407272338867188,0.001457619364373386
WV8,WV,8,512,27,97,512,c311158b5fa0b5f1221f9a397a704f66754fc02513d38a6e748451634004f2ee,c5394ba5aae3a0bbd6648757f669dfa515620f554cc0d533962c119fc9c366b8,3.0755321979522705,-0.0003523826599121094,0.0010330184595659375
WV8,WV,8,512,28,93,512,c9f42896c7c32f34c6db6e60d286b701f94c1ac24ef31c3df64cbc5e777aebd2,445f4169214d04606ee7bd860a76e6d9a5309133f2e4e93b4586385cb304713a,3.1248507499694824,-0.0005183219909667969,0.0012069512158632278
WV8,WV,8,512,29,45,512,115989fee52a2f958d8a70912f5a0148d025cece056a65329a8b13668f2d3532,5b0284ed5eeb833942eb4fb22120e4cceca24899ebf7abcfaad5d786db45dfb0,2.8767919540405273,-0.0006542205810546875,0.001335526816546917
WV8,WV,8,512,30,38,512,c620ca7a880f4f94b50e21893e805bb726552a7c6cfef9e0a503bca0bb5d8678,59d2ece4ff7b18dc6d5a3bf1f6eb330b37bf36780a042e2d3e9f176c2b475f9a,2.4834704399108887,0.010097980499267578,0.0009971954859793186
WV8,WV,8,512,31,115,512,3f912710cbd320f42462b53d3823db0e82ae0e4038739ff5fb53954a3d2a6105,060a582ba59f6c2a8fedfa29cc123c3f656bd49005710c8343a837a5158e95f5,3.0217232704162598,0.0020749568939208984,0.0011768981348723173
WV8,WV,8,512,32,8,512,559b45f908701914464a398a4e23cbd2dfb27f0f616685418bbe0774face5a6e,cc8e0595a7e15fbb2080fd8ef63b4b198f7fffafa5b859b90cb0d41bee6a5ad6,2.448530435562134,0.003961324691772461,0.0010976475896313787
WV8,WV,8,512,33,116,512,2f78d326cc0a7105fdb2e5a61e47c535a3358d457563c0678ccaad7456bfcaac,8fea6b19518798fc04451d274688a8fa6eb371a5146b3b070a6ebd27d05a0625,3.1825387477874756,0.0025794506072998047,0.0012534686829894781
WV8,WV,8,512,34,72,512,2f7c90082b8e4f35e68e68fbcba1692814d41595bec18578482d5b80505d881a,9dbc4089a84b42672bbb6f9eeaa48cd5e3f7417ad1a907f3000626abedb1d6cd,3.107469081878662,-0.0012445449829101562,0.0014542760327458382
WV8,WV,8,512,35,120,512,01e141aa9d676652f27cacf8ab88780d0484540fac271a62f976d214af9149fa,3450ba805db1aa894f32325471fbf9448fc348b352a851c853d3c8844e353145,3.321183443069458,-0.0034198760986328125,0.0017223196336999536
WV8,WV,8,512,36,49,512,df7d4f6662a123670bc217259167c9d6c9f828f13bcd2fc5d5edd807a5d68a7c,5347734da6baec6e402c6847a72db52512f43b6a0edcd09ceb1eb3f923a7af0e,2.963223695755005,-0.0001506805419921875,0.0014308320824056864
WV8,WV,8,512,37,50,512,1c3bd6c353e6a779185ec2cb40ef64d8c301d5ff264c26db6291eae8572229dd,9dcb403873ab4a96716786b9a28d9a96e76cec3b790a0778616fab8478ad43a9,3.130253791809082,0.003240346908569336,0.0010442968923598528
WV8,WV,8,512,38,88,512,688111a06788bbd40c7736892676fa3687d1a1c1e1b2a364822dffb60acf1371,ec63481c58c7ee04521cd54e657ab30719e07e01ba379f2b0064eee1ec059448,2.8472890853881836,0.006894111633300781,0.0009996865410357714
WV8,WV,8,512,39,86,512,48570697a4dd16a0b55c07054277a4d400361b2e40e120f9bd5a280079991a7f,f017ff30e5905c55f293a04449e1da60521d3043d943b46487158d7c97c078f5,3.0050036907196045,0.01090383529663086,0.0012568669626489282
WV8,WV,8,512,40,69,512,2d4feeae75c71a033ddef463f9c049033211872b8173cacf8c61b2773b4ea977,d07765c8ad80133cbdaad2c2e6734d6acb3a97df0c86a3316f5f9b6ab2ec897b,2.7526333332061768,-0.0012812614440917969,0.0012199352495372295
WV8,WV,8,512,41,96,512,b2d66294528c77f2ce5542b63c560b53a019ef3855fc23f22e576e2c24a22af5,711f41b404997593de91e04fcc1f59688e1044f0fa4f719136967525d012500f,4.017114639282227,0.006766319274902344,0.0015293641481548548
WV8,WV,8,512,42,111,512,14d551e36a925b730c2fc620df4137bc0b3e07e504d9b5cb9fc5cb85d338e368,a1e4ee0bc81044d8d34d034b6006f7b58467d54ec34040550f16978e99753463,2.3657472133636475,-0.004347801208496094,0.0009711681050248444
WV8,WV,8,512,43,104,512,2f973847de2910024e3dd468aef48343ee9914919544804bd2ce7b6274c96536,f5978599316fa5edaba4e3e44a42155b8b3abaf1a0d43ceb78648674621ece02,3.1492090225219727,0.0014307498931884766,0.0013803478796035051
WV8,WV,8,512,44,134,512,2140297a06f57efe14c78bd27f691bb449e014e4a75da0d2493d3cd6c8302ee2,74ee99cdf1afd846a2c84b4171b5fc476355866701b2fc98feeb8ddb62344725,3.381289005279541,-0.0037755966186523438,0.0013382639735937119
WV8,WV,8,512,45,67,512,8dfa6ea1f5b51ac3a7421963acad90a2412786c75f0ce258b8fe5cb751fb0ad4,1d3c37901ea0c9f85af4c5918b812300ff2a9b77e4af07c1613a44b2b97afd1b,2.8187415599823,0.0028111934661865234,0.001166689326055348
WV8,WV,8,512,46,52,512,a9975feaf08183a6c92b6780eaa11bfa8b4e009f8719664e0cf61daadee29ca6,67bee3d7b80f8eb2551e7a5b836e4cb00e1d024a9858e758e922b2c4c0454242,2.933629274368286,-0.001035928726196289,0.0016508520347997546
WV8,WV,8,512,47,123,512,f2f8c6f9fd0d5737ecef01872a27479d40c0128542bcdc2f650aacfa0871228d,1a41da669635ddfdd017a46cc49fb42e02dcdcc79f94f8db4e769b1a8e9dd28d,2.447134494781494,-0.0005438327789306641,0.001018726616166532
WV8,WV,8,512,48,10,512,1110fb9e38dfc961e91bbca80cdbcb7aec9255667d4be62b7d64ad2008086430,5ca63fbb2f66470d41065f1cb002e9a06d16b6336ec72af2dd76c4b09b39c6cb,2.9190728664398193,0.002001047134399414,0.0013436867156997323
WV8,WV,8,512,49,59,512,2ffb864d7680fe2f03e9c96a8ca13a1dcd9201d972b58055cdf1c54c016b3869,2a9d55bf974b6c85a74990d4db11f6f84941cdbd5670a5a770cf2dab7d82615f,2.670196771621704,9.202957153320312e-05,0.0010711229406297207
WV8,WV,8,512,50,90,512,565645b7de1588ccca175836fbe0a3445769209c98d06526c129fb453a20df82,ad1fd58631acbdc8259bf9f683638e317ea451b3ad19c0dacc669cb05c5aaede,2.8750977516174316,-0.0026161670684814453,0.0011678771115839481
WV8,WV,8,512,51,12,512,47020c49aa9953b482fafbade3c350c281f1d37768dfd620ed4ed22215dffc21,a8a469a68d7b569db199606d9811dbb31b560edf39ff7ac7743bfa1dd2422dae,2.6850178241729736,-0.00944972038269043,0.0012993126874789596
WV8,WV,8,512,52,6,512,f6f428baca66fc8aa223e265fe167e8f3e66b33ee52ee27c5cfacd6988b6cffb,8fda12a3276f553c32781879a2907020a1b95b120a4008c5d047ee9404635781,2.206202507019043,0.0012192726135253906,0.0013392142718657851
WV8,WV,8,512,53,98,512,612685c9a843162b260eb1a39ea04835df7f4205fda89d2ee9029057956c4a2c,577b2892864b4039ebacae0fd392d9f9265698e6e2c31b00c3020887b5487ac1,3.0762786865234375,-0.006399393081665039,0.001253725029528141
WV8,WV,8,512,54,62,512,407e23a40d3b79a8ef1ed65739952a2967c01fb71f5ae80eca89f950966070c5,c87c89b138f647b50ea3517602b97c2017b3e81b8eb3f64e4fe71550705510ec,3.272822380065918,-0.0008039474487304688,0.0010126593988388777
WV8,WV,8,512,55,106,512,476847f11f8a83faeb4e3bb899f53f96dc04ee45ec360473b86b6fef85c520ec,c2e2d40d2e76ab39489312b4815e565bf71bded2423c32063665c90306b8b484,2.6513328552246094,0.0002903938293457031,0.0009734543273225427
WV8,WV,8,512,56,48,512,683524ce59e2c3b9a90e4b6f80a2dc506837423066ee0069e0e9bd3a031cfcd3,c83d0c1969861d1c14c26919385156d653da6b82fe574ec002a483eb773a1a37,2.619077682495117,-0.0012583732604980469,0.0009765587165020406
WV8,WV,8,512,57,57,512,d188307729885676d91094312beea8f9c6bdfe7b46d34ce19d3176b30f8d6721,8c56774c0912494f5718c16f24cadd18817d67ca61765ac7717e2f381efc69b1,2.5122203826904297,-0.00030422210693359375,0.0015878923004493117
WV8,WV,8,512,58,89,512,7d37ebde45fe5a1327f7415b722a2152ba19239541b5b86171ad09110b88126b,583d6f94ff03af842635d512bee8f43a5e4536c5cd7db354fc202265110672f9,3.4251868724823,-0.00029349327087402344,0.0012336366344243288
WV8,WV,8,512,59,85,512,f787ea5a78872e8cac0aacadf2135dc6f7970768214b8a724acb5141af243601,65bb6d6a06285ce23477dcd5ab9e9eb0cbc60019a59f3b7448f7618685b1fdd0,2.770627975463867,-0.0012454986572265625,0.0010831707622855902
WV8,WV,8,512,60,103,512,d68e8446d1f26fb4d13d7a806b96bea17f0630142bad0e74001b06c29ca2bd92,c2b4715ef6abbb41a35e1350e447684bb0d0dbd57d2fb9d9a3e6b9b7240d0a98,2.896608591079712,-0.004952907562255859,0.001339677139185369
WV8,WV,8,512,61,75,512,ca5268e69cb922f0dc43cf2131274a5f43fb65f8bcbbac618b4a43e9b99b0a85,2e8b2d3f0426eba924b4a98379eb92d2e64dc03bc9ecf594495fb9bef1510012,2.564680814743042,0.0006225109100341797,0.001111735706217587
WV8,WV,8,512,62,51,512,5b3a8d8d253edbd82b4e45c124e433b1f329522e7a41a910b62fc2e161722a08,eadf4728fbc642b26417a5d55a5b564a5ac77fb435a5a9b5e3b6c4c4c620f114,3.230126142501831,-0.0012557506561279297,0.0011707015801221132
WV8,WV,8,512,63,43,512,02aee5e343d97256d44fe0eb9c3f77668c53371f95c184e97dd53a610d530752,a10032c97181f82d2cdc3b9207991e6fae9b82c6ed45b476bbe0ea5cf36aab8e,3.779299259185791,0.0023331642150878906,0.0013136528432369232
WV8,WV,8,2048,0,68,2048,7fa3218d5c0877a221d93c331014b13f9b0269f66ee885045391d7f6925bc18b,8ef5a58d30706108e4424bc7fd5ead54afe73dcf5205e88fd588fe5e14ce67ba,2.4792068004608154,0.0014691352844238281,0.0011918805539608002
WV8,WV,8,2048,1,100,2048,727c409a44db036aaf99d9825120b8c5475979820ff1880281ca6700d93e997c,790974994d1df4ee2511c0a11d2a4b63b3f94cbc857670ebc32bd86a120c13c3,2.4499666690826416,-0.003278970718383789,0.0011150517966598272
WV8,WV,8,2048,2,76,2048,de5839302a1f8be2c62c604f2a574a4e959bf6b8903e83a6528c3e8615c4c71b,c10726a949d67a001e8537b229d682cb6f430e75a3868ab2eae32d9da26409f9,2.5192806720733643,0.002119779586791992,0.0009415868553332984
WV8,WV,8,2048,3,140,2048,5b5fbf9ed2f90d3b56310892d916c60c1590342ea5efacb9055505dca880067b,d5207eb0c712b5e67966701a30db2e91852ae6e21ce9c45201858637c2f46300,3.0675253868103027,0.0005555152893066406,0.001119822496548295
WV8,WV,8,2048,4,44,2048,e83fe1126ef11362ca2c510be3b9d801a80d2ba95739f3b5bfdc1c5bdc635f58,d74147700327ce101764c03fed40a4e9745f79d073ec2b8c2585e025a259eb33,3.1262974739074707,0.00044608116149902344,0.0012695377226918936
WV8,WV,8,2048,5,20,2048,7297e92a528f854e162bf26846df4827597b3fef35dc0f8f0d160c27e12b82c3,3692af9e0a10e0563d9321971b56df001f57667c95cf35add673d55ed7e23fa7,2.511878728866577,-0.0007693767547607422,0.0009837760590016842
WV8,WV,8,2048,6,63,2048,8d664704323e367f28e3fd14b1876e6e79b849e0a92a52cb7ab13e1f007648bd,010e9d87cbe94cd96a9c80e5a3acdb481237f902e2804ea887c5699d00f93f28,3.255509853363037,0.002908945083618164,0.001145905815064907
WV8,WV,8,2048,7,37,2048,43eb711a5f90c2da86caadb1f57a6d78e33dd772ea669a188885cf29a856c8a9,e94543186b5037fa285edb016058de7c6a1c24f0ec5d2694716bbc221f735ca8,2.0496907234191895,-0.0011670589447021484,0.000984649988822639
WV8,WV,8,2048,8,142,2048,60f0636d47d2144bac213771617e6d26b641c621ca5598aa6f94d92f168e4440,961aeef219281deb3487d874ef56d4a1feeb09133cbb127c516026756b7d403d,2.8100571632385254,-0.0004596710205078125,0.001099970075301826
WV8,WV,8,2048,9,54,2048,f2d06d6fadbb94a6b9673c03f34c5702bc62868f6af9464c5fafaf71bb3a7452,f825257be6a05712af7879420152d60daed2ff0ae2a63a9fc03ed9511493c1f2,2.2165334224700928,-0.00020694732666015625,0.0015201421920210123
WV8,WV,8,2048,10,64,2048,309614f012e5fce8093ce5bd71979c6769344662aea1ad23a758d80708177086,5a689a9bb73117e9c73743ba89fbb373d253f702ca903217581c61da3020d81a,2.4043514728546143,0.00021338462829589844,0.0010979125509038568
WV8,WV,8,2048,11,82,2048,86b2e0be9829fa6afb50279461e5110faf95d29913a0b230fb6cf8d31281b03a,6e77798e36b094b40ae44b70ba876c18c99fcacb76db84d01723e016f28d9933,2.158374547958374,-0.0010030269622802734,0.0010033543221652508
WV8,WV,8,2048,12,125,2048,0316e0ba92bc822a1de2775956f65f0c449bd8c94ec709d81a23aad83fd15618,214473bd123f552092a6e64a2a3621184d456c2f0d32d3655533ba4c0f6adfda,2.8015949726104736,0.0006537437438964844,0.0010660318657755852
WV8,WV,8,2048,13,25,2048,fb26dda67f40a157e5ce636f903062716d27e87ec6b75b77ae16773d4868ab89,b8c27a347ba7cd7ec1011c72802452816fdd20b467d1acf46668b8b7a5a2289e,2.7658488750457764,0.0003299713134765625,0.0011802114313468337
WV8,WV,8,2048,14,87,2048,d26d8831d4c6979689eccc963c941dacc2bb0f37fcc3467d1cef84078b6e23b3,0e26ddd8753ff529d3768c603e1b0a8ad9517c33a7e2bc26e322019bc3e7508b,2.5105741024017334,-0.0002560615539550781,0.0011065207654610276
WV8,WV,8,2048,15,18,2048,2ad8fea8eaecfc4553fbe62df1d5188f2ba449614bb15e7d1b2abbf345a06b25,94b444d9a3f586aa986876eb813ff24e32e2c4a560e2e6f9dece8e2df242a679,2.47542142868042,0.0023965835571289062,0.0009712702012620866
WV8,WV,8,2048,16,141,2048,b7ab366b5b5a4f68aee22bbff6cfe4218a75efcc7c1b2ad2456e37b059101498,2be48fd263dbe7cefc17f7bdc88170c66cc1f4be1d216141a7a3ff6912f00b41,2.671124219894409,0.003218412399291992,0.0010557110654190183
WV8,WV,8,2048,17,130,2048,b62d53caadce94fd5ba6fa7cdfa65ed44699a81a82dca75cc95417b342a3c51e,a963b5699afebb47190fd1b00e793b97d22f8bde30db62ff5205aacff596f9ec,2.578310012817383,0.0018091201782226562,0.0011505631264299154
WV8,WV,8,2048,18,133,2048,5797ba35b7ce0b63444139260cd65066076e06aa4b806b1d02e0c8a2b0102414,5a168b747e18c2198035a699c6733e1d2599eec07a962204e9fddc525219ed30,2.5237860679626465,0.0021104812622070312,0.0010666874004527926
WV8,WV,8,2048,19,33,2048,d20445cc193883501468e35adfada5878439f438af3dc6844777523111576558,6954d31dd34b120c9ab2b7833f74bd5922bc512f883bc47d94195e8780302755,2.493121862411499,-0.0003807544708251953,0.0010478476760908961
WV8,WV,8,2048,20,102,2048,57841b4586f83294fc5729b94566df9615b3b04974af798add7ae75c8b79f2d3,7724d043965d6163663a8328c72325922ec1f831eca6cf0624850025699e60d6,2.8167433738708496,0.00021219253540039062,0.0010636689839884639
WV8,WV,8,2048,21,132,2048,ebe7817d56ad234df4deb7efb8e4a5fca5774e1b3cabc1dd0a0335618ec4961a,a959ae63e8fd1d94df13ae7ce75516b73ed0f39f5cae77994704057859fdec5f,2.509639024734497,0.0035393238067626953,0.0010316906264051795
WV8,WV,8,2048,22,83,2048,0ff04edd0674d3d12caf3774f80e9155f7181b923be2ecc75eb6f9e9be756f41,618e93f2e58f4c7f136a5d1febacad4143402137b30c052b99b7179f437b5ebe,2.173666477203369,0.0017368793487548828,0.000990195432677865
WV8,WV,8,2048,23,101,2048,810951661c56ef3c1b9b659222ae0bca609f1c07f8036b9e327293da15f371aa,bc0baafb97b97d691efb2a5ec641656058353eb19aef6689403796499044ce4d,2.599698543548584,-0.0009918212890625,0.0011475143255665898
WV8,WV,8,2048,24,7,2048,41e06daa2a7e37533d6fffcf2661e9e0e6bdd80a8f8d18e54bc9be26a76a054a,7e99d981947b5f318bb42da217df580bdce04d5dc13ce96e8c17a147efa7463b,2.392261266708374,0.0008981227874755859,0.0011959447292611003
WV8,WV,8,2048,25,21,2048,df7e33adad9e3ede3627d728d75a1108c18befe55c36441fbfb7c356ccec116b,4f6cad4813e36d69870a7b3002cb9b847600d8e78d5f8332bc9615891ec28902,2.8804433345794678,-0.00027680397033691406,0.0010001802584156394
WV8,WV,8,2048,26,74,2048,7cd1b0efcf370504101019d10b314309f11a37f0ead924f09da71f83a5c2c8d2,e5074e0575902b83a57eddcd2bc2ad2ad046a127acd8c395de488bf5a4166564,2.6520237922668457,0.004181861877441406,0.0012342670233920217
WV8,WV,8,2048,27,97,2048,44b7b8544c5d1e2aa738d3bae9e35d03e35daafcf87431dfe3e5a2b3d77f89a0,e344c2edb60abad53141095e4f04ef9e8e97c76c5d09b77882cd28f45fdd897a,3.035681962966919,0.00024247169494628906,0.004390954505652189
WV8,WV,8,2048,28,93,2048,6eb56b8c416e857cc5bf5fffd1f31290a1b6b0d2ff1bc8a9b2f795ad6bffb602,1ca4b4b8f82c674774e1774730ba65bf017f8323e1452aebea426356f148c460,2.9974353313446045,0.0021619796752929688,0.0011429578298702836
WV8,WV,8,2048,29,45,2048,7907c4635e56710fea650a063d9df965f67dd0b53d4c180d3ce2eb5b79629e1c,e97f332366fcfa6a6614e78e696d91d8f8399eea6e198cb2de1f410d5e33dd20,2.948399782180786,-0.0014379024505615234,0.001228843699209392
WV8,WV,8,2048,30,38,2048,2aa9ba64e24973c9ea5870ab2b2addab92242167cd079c50d5a2768033bc7fa7,c316e7dc6a4bb8b433c5c0dfce05834ba4915f0b6a5ca205ab105146837c8b39,2.156604766845703,-0.0007872581481933594,0.001222052494995296
WV8,WV,8,2048,31,115,2048,c1c45b89c803ab3ea9d5d8dfd237bfa4208784fb2750e3776a8a9b49fc4abef1,533a47d55446fcf666704ba8ed23852f8e4a1d41e5f806f050c597a7f8c50c7b,2.768939733505249,0.0013148784637451172,0.0010918999323621392
WV8,WV,8,2048,32,8,2048,07e7acf1c60a54d81f6df25c939b3b21ed695fd2fb59caed81916f0c4f707356,bdeb930a4207b8ff5ff249d0f3ee6fcde3dc58085c4bbde6b433293cf0a61273,2.6248953342437744,0.0015828609466552734,0.0011890438618138433
WV8,WV,8,2048,33,116,2048,f959970dde811e8c8e5d861c0903e42b89f09c24b19135c8152fa01642bb81a2,0685a518770b23c4d3f80b498a001c334920e67e44d40a9150eda130137865b9,2.9305179119110107,0.004850625991821289,0.0025076186284422874
WV8,WV,8,2048,34,72,2048,f2c268e2e4089895cc36a0409f7f1f891887db3508bf22e9148a4b702f12a668,b0b619b31d20f2c29dbb766b917dbd86b8a50afb135e168b3734540ca9c9fb35,2.982797861099243,0.0001838207244873047,0.0031066040974110365
WV8,WV,8,2048,35,120,2048,2a6a0c3843fb9876d3c15da81a5d7793ae4ef5a612471f58c6eee2b6bda5a500,780f6a0375f372d30edcd4c5a61f1bc4544aa4fc1b334e7f43aaa46236482054,2.779320478439331,-0.00039315223693847656,0.00113222177606076
WV8,WV,8,2048,36,49,2048,bbf015dc98d089a483ee657bb417b2f8df90908e49032f9ef4f09bfa44a6802a,18c916d13b82b14e38589a1d0c4835e4df2bb26eefb4bb07ccf03ef0be081bab,2.455658435821533,-0.003383159637451172,0.0010922150686383247
WV8,WV,8,2048,37,50,2048,4db36b854aa496a979993dae42abfa30d51669c4089495df01169bfd82246d33,351074286b5a34fa8adf99e04d3644cc163def76a9aae628478b069e5a32f044,2.830090284347534,0.0007495880126953125,0.001017351751215756
WV8,WV,8,2048,38,88,2048,6f66de84b84ada174908af403445d9b255009b390102e9dc9760b816611b66dd,49a7c93f0f2af5f780fffea7064d9d241e2509dced42c3abbd32a56e492ce2aa,2.7512478828430176,0.001064300537109375,0.001126398448832333
WV8,WV,8,2048,39,86,2048,f61d15167f8d4133ea214c6666aea81a11ca189ca4a51df3d7df4a9f32dbfc41,c5e210333fdce11cf0ffc53cbd016048c41ba65eea40da1ebf27e6289a545d74,2.4175939559936523,0.002216815948486328,0.0010931362630799413
WV8,WV,8,2048,40,69,2048,ecb1483dc2e18caffacf41f5e510aeeee70b01740c46e4d338fbff394cfa1e65,79231f9fedce47c9c1feb74a08316a3b500170a537fc2f2351a8f8a721821c13,2.639464855194092,-0.0036804676055908203,0.0013909769477322698
WV8,WV,8,2048,41,96,2048,60c27b336ed6a8c18fcde80ee352f70080acee19cc854da8827c632921b61b5e,8c3e5ff1d60b7548fcd1a4f8c417514060ed9b659b7a5a575c14ef1925104cfd,2.9051482677459717,-0.001069784164428711,0.0013381378958001733
WV8,WV,8,2048,42,111,2048,054544cd89aed87b240dcb8f3350fd75fa66f9e7b310fa040ad62159998db107,13a648594c238852dd1b3abf875dd8bf4a1978c053d642bddd1692473a3e7152,2.385925531387329,-0.001796722412109375,0.0010097516933456063
WV8,WV,8,2048,43,104,2048,194b0036f6eed8ac0679b3de5ab18e204fa3e36fe5703a2f511e81d630aaf9a3,064c0b4ec4484b608e9ebe64d56ee52bae7dec939a75c427cf6d456609ede927,2.760664224624634,0.004575490951538086,0.001165128662250936
WV8,WV,8,2048,44,134,2048,6623021a970793613e7d29b9cfdb580ba70f8beeadf6f8022203685ee0d04d09,35a8240aced5f3342922bc29b4c3a0f2797fc85b5a25fdda70f322c4a98d814a,2.981411933898926,0.0015935897827148438,0.0009676588233560324
WV8,WV,8,2048,45,67,2048,5b7435eb8294094e094a8a5701b004aef2f50a4d5ff8da62df0d653d0d147c91,9f3d068bd2e1e4d34eb11f4d46868290394a0457735daae194d9535eeb8749f6,2.4733099937438965,0.0017740726470947266,0.0011790337739512324
WV8,WV,8,2048,46,52,2048,c42df66f179fec4bed6bc6ea75bb298576f34b33edb5192c11fbecd6ee5e2dbf,8efaca47c011af5cc3dbcc9976937b2db472b6883165a4b61b1c6d482177dd2e,2.391079902648926,0.0009465217590332031,0.0013182617258280516
WV8,WV,8,2048,47,123,2048,2b2bc4354b0f7c5298df20248b65999583dc40b7b5d8913860b58d4f31a67d71,92ec347e73f2c28e990fe2c167de0f568f58956826ad0a2ae3285dff6b3f6549,2.269892930984497,-0.004010438919067383,0.0011543905129656196
WV8,WV,8,2048,48,10,2048,b75ad37e7d25a7dc1e7d9e7e93724b6215417732940da4816877f2402295aa1b,6b09c3f673f36dba501cbeb6fdaae7f5829b08b1355f8db9c3c876f6379e35f8,2.6543188095092773,-0.001435995101928711,0.0012277119094505906
WV8,WV,8,2048,49,59,2048,795245b19899ac5ff529bac36cee69fad97689199431ad73acbed17d3dd720c0,d71ce66ffdcabc51b81db45c39f52e1e86cf9f8fe0444582f1fe9f503c045052,2.275463342666626,-0.001123189926147461,0.0011453357292339206
WV8,WV,8,2048,50,90,2048,3eb8eb91c811f87efaeebe3e66e4f3897e5654c9e36a9d97d28cc38f7eaf90cf,30805a0e8a337cc57db7f2c0b50be3bcdf3272a1346162ff31b1ad6889f9fc52,2.845409631729126,-0.0003371238708496094,0.0011651962995529175
WV8,WV,8,2048,51,12,2048,3924e212376afcce822167775e4b7f6df72bd9d7a50dbd64e80a7c03b1f66fbc,37708bd58546c27bdb9cae546b81e57dc5a2eb6d47df5a0378d7042c4fd7d517,2.5518558025360107,-0.000186920166015625,0.001260297605767846
WV8,WV,8,2048,52,6,2048,c28653fc6962ad492ec2f12b1c4a8beb9b3c7bbb0e43bfde89118454817b1911,99d2ff942dee6e18b7310f08e0dd1b3be52ac486659065f315ab42c860f22c22,1.7719229459762573,0.0006643533706665039,0.0013145747361704707
WV8,WV,8,2048,53,98,2048,0261aee3ed953c97e4fb48910abf3791263f66ad55b9be4416d9fd65ab27ce53,8872cb58f2aa79bd2ac93fd12e7e93ece1e8d62f75e2fe6f9f5893b715a119f8,2.763960361480713,-0.003515958786010742,0.0010367432842031121
WV8,WV,8,2048,54,62,2048,393e78b9d9b51099691e9c74ab844641e556e1535efa0e4137f7df16f6818990,38a27596f5954c7e8e4657b0f7dc66de70bbdc8b52b646f83742fb167a054de9,2.8516080379486084,-0.0001232624053955078,0.0010231926571577787
WV8,WV,8,2048,55,106,2048,b1f856d8e8c275e63f8a8288f5c8764488e7b3b158bcf40e8c2469cac18b1e6f,2c627def35cfa18f2ff5ab126f7c551da612364c88c94ca4778d21575f2d8793,2.776458740234375,0.0018358230590820312,0.00101438257843256
WV8,WV,8,2048,56,48,2048,111e846c1afc51b385724b25cae254b8fa61a0f8e149f7314fdd2755acadefea,9c6bcd41850d9733d86da30d8d6afa6340b6e9a1991c63775d86720057114be2,2.802030563354492,-0.0013380050659179688,0.0010960978688672185
WV8,WV,8,2048,57,57,2048,d96ff1c537de5b06937f53c52ab2118bbd5ffbbad5f65869e80aefc960096fa9,0533da760b7430289edcb0ecc4a5aba86300b061c241ea3a61a9a96321b53322,2.006957769393921,-0.0007529258728027344,0.0011516218073666096
WV8,WV,8,2048,58,89,2048,d1c1922e23951e32a5e86cbcef1277adfd4dc526531597871b17c992328ae3e2,3923c7bc803d17e21ed437c3f884591a3588622249807a36291c1f64acb51462,2.769542932510376,-0.0004394054412841797,0.0012295718770474195
WV8,WV,8,2048,59,85,2048,7a73577bcda1b69b229dffce519dcda80cdac6bf9b9ad5ae1fb4b14b72e68f5e,c018fdc598792ea0693ad2bbe112fa4244d58227c28c329804b8c6711091f300,2.496163845062256,0.0040760040283203125,0.0009851913200691342
WV8,WV,8,2048,60,103,2048,012cc3d5a10bf9cf1283c429a3a0b4aac838a72e6ffc3199aebd05ab0544d2f8,411a89e73bb96f8e952c1fb17ae271fbbe727130554d2487fd271a065a06173b,2.5738461017608643,-0.002039194107055664,0.0011065074941143394
WV8,WV,8,2048,61,75,2048,9efbf84514b0fea9bb09d35d2dab9bd35ee4ee605bf6d81e21644e0d1f5b9042,9c472be30a0fccbaf0328a5d699042a37a297300c41334ada29ad935df57fe2e,2.5627028942108154,0.0012509822845458984,0.0010073219891637564
WV8,WV,8,2048,62,51,2048,d5e97c1df65c6b9fdc4bb3d7ed0fb43e9f6a51caf6d1f9c3c10d12391920ad93,826d4c2394fab556d93fc50aa12353ee5c1b8ba340cc2b5d90a4dfe6230a1d6a,2.451021671295166,-0.0021927356719970703,0.0010464421939104795
WV8,WV,8,2048,63,43,2048,696893d293ec00b6be32eb5fe72ef425b858014926f21e7427d652154ec51c69,23a5e80c7e804a71baa38866b1723d47ec9104973a14945bd678e436c315cb3f,3.3180127143859863,-0.001928567886352539,0.0012034883257001638
WV4,WV,4,512,0,68,512,ae16cd2f87fc656abc0929021075a3b9ed61f3e88b34184754e7dbebd76ec193,08256215c109e87d3a72dfa0489d9857afb1e4c873b20a9855050de5b59437da,2.8091390132904053,0.0322265625,0.07266688346862793
WV4,WV,4,512,1,100,512,3b744cfa8d587e08d920606f255dd1689ab24c6276571e94ed0b74be1d01de43,25713b5578546ce636ce43536d8158b6f6a73a191cc66a03ed5b11784e21cc6e,3.105534553527832,0.04874849319458008,0.03523997962474823
WV4,WV,4,512,2,76,512,218ba9a35776a953f13e4b544faf23f37bab2530c1aa178ce5a18da6c78482be,7d3c80f663038307dc13a0f815e3778b452a435ba7d496806dbdf330ceac3ee0,2.8809995651245117,0.038863182067871094,0.020194226875901222
WV4,WV,4,512,3,140,512,99ad214b32ceb627ad7dcd26e7c4b968490d2921509ce77b169fa235b400825c,7671c21d03fc9a4d83c7f723cfcf939130c01a6c7b3ec7823dc31d6e7263d943,3.0004382133483887,0.03163623809814453,0.023401862010359764
WV4,WV,4,512,4,44,512,bfa95e7ec878842678803ae23d2a234a823eec1ccce4b61c63bedfe94615385d,c456c6ec69e7331b0b7c013a7377a60f693e7e74eac82c3aaa340066e042521b,3.927299976348877,0.05739021301269531,0.0289169829338789
WV4,WV,4,512,5,20,512,0df6561709ae94fbe1d725835527b1025919ec0d4988ff7390e6b4617d148a0d,c1783a1aecf214b8e69bb00cdb61ea0e1823f8dc33e50cc8bd98e00de72b6314,2.2298099994659424,0.033644914627075195,0.021990980952978134
WV4,WV,4,512,6,63,512,cb419afdeacc3f41a32badc0ebb2d0c499e6e00d780641ce39716478df0a20e5,861412028ae1bd379cc93139160cd0d9e6758e84f6347e077159c88cd83c7061,3.7661473751068115,0.07818150520324707,0.03299667686223984
WV4,WV,4,512,7,37,512,b8ac611453ddedc7866701f4724f89e267e033102f94cf1edc0fcef046767649,0ab46fccff21d8f4768f9458aac7ecca09d52c8a0f59b5124e1bb1c281128eb8,2.49617338180542,0.041385650634765625,0.030059780925512314
WV4,WV,4,512,8,142,512,3b878cc815eb2fd63fd166af88f34400e0044851af5f0199430452887354c73b,c6fc77e555e59488c7bf941f5fe2ddf1203ec29adba7ea64e262b9c61c8b3c04,2.8186450004577637,0.09971928596496582,0.039599042385816574
WV4,WV,4,512,9,54,512,c86b7db60afbc145d9762cf4ed3e9d4a646ab6beb6888ab76dfea844037ee385,d4e2357b45c895a3837df5ed504ec9c958364adcd1982e5bfdda624264699066,2.92822003364563,0.08168864250183105,0.030680732801556587
WV4,WV,4,512,10,64,512,beaec156fbaa2cc61d2299fa20f7f0d8a42d1931fb6ef189b1b57fd78698a8bc,d7a22ad9f4026fab50e53fc63eb8fa8ff3164267a997dcdc6f31facd73d14233,3.216782569885254,0.038787126541137695,0.030600305646657944
WV4,WV,4,512,11,82,512,a87dcf72965b9fd725594e983ccccafbff1f57504062f003d18769489fd7ea8e,3751210f5da4d56983a9edb710506df1239958a2a8a36654f223f62d48233904,2.564283847808838,0.0034825801849365234,0.03377468138933182
WV4,WV,4,512,12,125,512,ed4bc71e91b94bde605bf581c65860792a6c1e2992d889ac41c403096d155785,f67585beb4a8cdd5b8b31e251d29a7e09279f0d0a355c4d8cd90b11071355aa5,2.5887246131896973,0.035982370376586914,0.02562132477760315
WV4,WV,4,512,13,25,512,d6aab0a496126054e48aa051bf1bb7ff85c1707e459a1405e9fb5871a99c9d77,d24849b4be0d0b0eac3ec00e9c4cdcaf714bcd92b314cb0e6412431aae68e06f,3.268087863922119,0.012022018432617188,0.026108738034963608
WV4,WV,4,512,14,87,512,9b1a4ade0323a3a637607e28dde6a773faa87580f3f967d3d27f581731d262eb,b978b20d5267d054cb5a6cc8bc87d71330d70eb7eaf4011398577fbb4186bc25,2.6871135234832764,0.04115128517150879,0.03475456312298775
WV4,WV,4,512,15,18,512,19175ed1e88a1723548455982303dbb668ffa2879119aa2536679baedce70e1c,4b5642cb01e3c7fab6f171b7b5fe3e2093e064b0697dc0f6461b3cf96fee3666,2.89109468460083,0.03784799575805664,0.027872752398252487
WV4,WV,4,512,16,141,512,b1bb9ebc0420c60b2de6eb3d1b3dd33639e5e974c3e029df21b8de723d0050d2,c6529ade056fa5ad590f3d7b67bb5914d000d1949d0f03f6acb8286d6fee9fce,3.422004461288452,0.022320270538330078,0.02558784931898117
WV4,WV,4,512,17,130,512,1fdab8c48d099f86ec6048f89b43db1273768c11d43cdfdb2b102316b0c90378,644effaed3d64c5d78d31ef525516b354c50545a832d818930a38404ac3a3b9f,3.1270577907562256,0.07553601264953613,0.03514253720641136
WV4,WV,4,512,18,133,512,ce122db72e7ef3172517f7508e60b074cd0e48cffbbbbf5a6eaa07cbd36c0399,efcf13a92162dcbac73615cd17a4055c5bc6ebbaae804ac0fa7b8ea911b0bde8,2.6540160179138184,0.031310319900512695,0.040716029703617096
WV4,WV,4,512,19,33,512,dd3128a9ef793ddf9e9f294319a2b360cc15446ad5ad5e768d58375ac46f57d8,d1f96770ba4fff5f404d930d614910a50ffcf629145ab0c3a9be3a7d0d4a6a29,2.7579822540283203,0.03310728073120117,0.02014775015413761
WV4,WV,4,512,20,102,512,5d859c5643c83feb10bbd789bd43b3d785eea3ba0e317a8dc4339205b49030a4,8d749c41e642f93c2c9e23b7c36b1a260110d08663e0709af65afb8be9818be7,2.9338808059692383,0.04714202880859375,0.030377548187971115
WV4,WV,4,512,21,132,512,6301047c5e01b65f720a5df7598b0193b9a616788d3ebceea7c8ea3c557a6319,2a793c11483275658f9fcc85b3f70bf1ca9ccedf8d784f93673fdb70248d6262,2.8016202449798584,0.050255537033081055,0.025264572352170944
WV4,WV,4,512,22,83,512,4a19f00faec7f7a4366c30d505fb475f2a7f192ab0d555bb147f7a479899ea97,0f5e77072631e58c2319b5180446366f7a46833c2eec564de75ece6a1d4ffea2,2.805907726287842,0.075958251953125,0.0360759012401104
WV4,WV,4,512,23,101,512,98fd1552d1b6b33f61534cdfc6b173db98b9e091d5fa89e3738ff5e20555099f,0df69f0a17acddb90ae66ae6629fc602609bbf5f7a0fe733e5a724d3a9ba21c3,2.570892572402954,0.07108855247497559,0.036325082182884216
WV4,WV,4,512,24,7,512,8628f147d8ba311f3331812340c7a0d3d29f803b14909474fe478fd9e71a860f,6f568a3ea896c63aa3ce960b5e1088c26f8a132354f2cf94c611ea6f3aa7588c,2.682720184326172,0.03891873359680176,0.025106463581323624
WV4,WV,4,512,25,21,512,a49f726c8d23b3d3338f988ce283efd804cb31fd133960f513b494f10c918afa,02356aaa666127b370708a5fc78fee6a48f84ff24e38ee53eb27f546488ef8b8,2.9691050052642822,0.034331321716308594,0.02750375121831894
WV4,WV,4,512,26,74,512,175163fcdf2b738f5bdba615d91bbec70a2d6766ec75d92cff25a3b5d80029f9,01001a3e575af55b15ff3e3537a932f78439134aebab718d6c2926a840f557a7,3.6543002128601074,0.11133527755737305,0.04043584316968918
WV4,WV,4,512,27,97,512,c311158b5fa0b5f1221f9a397a704f66754fc02513d38a6e748451634004f2ee,c5394ba5aae3a0bbd6648757f669dfa515620f554cc0d533962c119fc9c366b8,3.1487791538238525,0.07289457321166992,0.024967506527900696
WV4,WV,4,512,28,93,512,c9f42896c7c32f34c6db6e60d286b701f94c1ac24ef31c3df64cbc5e777aebd2,445f4169214d04606ee7bd860a76e6d9a5309133f2e4e93b4586385cb304713a,3.159787654876709,0.034418582916259766,0.02898171916604042
WV4,WV,4,512,29,45,512,115989fee52a2f958d8a70912f5a0148d025cece056a65329a8b13668f2d3532,5b0284ed5eeb833942eb4fb22120e4cceca24899ebf7abcfaad5d786db45dfb0,2.875701427459717,-0.0017447471618652344,0.03455978259444237
WV4,WV,4,512,30,38,512,c620ca7a880f4f94b50e21893e805bb726552a7c6cfef9e0a503bca0bb5d8678,59d2ece4ff7b18dc6d5a3bf1f6eb330b37bf36780a042e2d3e9f176c2b475f9a,2.5362610816955566,0.06288862228393555,0.028949709609150887
WV4,WV,4,512,31,115,512,3f912710cbd320f42462b53d3823db0e82ae0e4038739ff5fb53954a3d2a6105,060a582ba59f6c2a8fedfa29cc123c3f656bd49005710c8343a837a5158e95f5,3.029113531112671,0.009465217590332031,0.026103394106030464
WV4,WV,4,512,32,8,512,559b45f908701914464a398a4e23cbd2dfb27f0f616685418bbe0774face5a6e,cc8e0595a7e15fbb2080fd8ef63b4b198f7fffafa5b859b90cb0d41bee6a5ad6,2.5169689655303955,0.07239985466003418,0.03425668925046921
WV4,WV,4,512,33,116,512,2f78d326cc0a7105fdb2e5a61e47c535a3358d457563c0678ccaad7456bfcaac,8fea6b19518798fc04451d274688a8fa6eb371a5146b3b070a6ebd27d05a0625,3.212193489074707,0.03223419189453125,0.026070687919855118
WV4,WV,4,512,34,72,512,2f7c90082b8e4f35e68e68fbcba1692814d41595bec18578482d5b80505d881a,9dbc4089a84b42672bbb6f9eeaa48cd5e3f7417ad1a907f3000626abedb1d6cd,3.154104232788086,0.04539060592651367,0.04373881220817566
WV4,WV,4,512,35,120,512,01e141aa9d676652f27cacf8ab88780d0484540fac271a62f976d214af9149fa,3450ba805db1aa894f32325471fbf9448fc348b352a851c853d3c8844e353145,3.3913180828094482,0.06671476364135742,0.04013322666287422
WV4,WV,4,512,36,49,512,df7d4f6662a123670bc217259167c9d6c9f828f13bcd2fc5d5edd807a5d68a7c,5347734da6baec6e402c6847a72db52512f43b6a0edcd09ceb1eb3f923a7af0e,3.0074241161346436,0.044049739837646484,0.03384585678577423
WV4,WV,4,512,37,50,512,1c3bd6c353e6a779185ec2cb40ef64d8c301d5ff264c26db6291eae8572229dd,9dcb403873ab4a96716786b9a28d9a96e76cec3b790a0778616fab8478ad43a9,3.149805784225464,0.022792339324951172,0.029270416125655174
WV4,WV,4,512,38,88,512,688111a06788bbd40c7736892676fa3687d1a1c1e1b2a364822dffb60acf1371,ec63481c58c7ee04521cd54e657ab30719e07e01ba379f2b0064eee1ec059448,2.9297475814819336,0.08935260772705078,0.03864193707704544
WV4,WV,4,512,39,86,512,48570697a4dd16a0b55c07054277a4d400361b2e40e120f9bd5a280079991a7f,f017ff30e5905c55f293a04449e1da60521d3043d943b46487158d7c97c078f5,3.0859439373016357,0.09184408187866211,0.03767755627632141
WV4,WV,4,512,40,69,512,2d4feeae75c71a033ddef463f9c049033211872b8173cacf8c61b2773b4ea977,d07765c8ad80133cbdaad2c2e6734d6acb3a97df0c86a3316f5f9b6ab2ec897b,2.8109798431396484,0.05706524848937988,0.04569357633590698
WV4,WV,4,512,41,96,512,b2d66294528c77f2ce5542b63c560b53a019ef3855fc23f22e576e2c24a22af5,711f41b404997593de91e04fcc1f59688e1044f0fa4f719136967525d012500f,4.05141544342041,0.04106712341308594,0.043641604483127594
WV4,WV,4,512,42,111,512,14d551e36a925b730c2fc620df4137bc0b3e07e504d9b5cb9fc5cb85d338e368,a1e4ee0bc81044d8d34d034b6006f7b58467d54ec34040550f16978e99753463,2.388808488845825,0.01871347427368164,0.021300621330738068
WV4,WV,4,512,43,104,512,2f973847de2910024e3dd468aef48343ee9914919544804bd2ce7b6274c96536,f5978599316fa5edaba4e3e44a42155b8b3abaf1a0d43ceb78648674621ece02,3.181152105331421,0.03337383270263672,0.029014907777309418
WV4,WV,4,512,44,134,512,2140297a06f57efe14c78bd27f691bb449e014e4a75da0d2493d3cd6c8302ee2,74ee99cdf1afd846a2c84b4171b5fc476355866701b2fc98feeb8ddb62344725,3.434410572052002,0.049345970153808594,0.029387759044766426
WV4,WV,4,512,45,67,512,8dfa6ea1f5b51ac3a7421963acad90a2412786c75f0ce258b8fe5cb751fb0ad4,1d3c37901ea0c9f85af4c5918b812300ff2a9b77e4af07c1613a44b2b97afd1b,2.857813596725464,0.041883230209350586,0.0278807133436203
WV4,WV,4,512,46,52,512,a9975feaf08183a6c92b6780eaa11bfa8b4e009f8719664e0cf61daadee29ca6,67bee3d7b80f8eb2551e7a5b836e4cb00e1d024a9858e758e922b2c4c0454242,3.0194125175476074,0.084747314453125,0.037919752299785614
WV4,WV,4,512,47,123,512,f2f8c6f9fd0d5737ecef01872a27479d40c0128542bcdc2f650aacfa0871228d,1a41da669635ddfdd017a46cc49fb42e02dcdcc79f94f8db4e769b1a8e9dd28d,2.577509880065918,0.12983155250549316,0.030871134251356125
WV4,WV,4,512,48,10,512,1110fb9e38dfc961e91bbca80cdbcb7aec9255667d4be62b7d64ad2008086430,5ca63fbb2f66470d41065f1cb002e9a06d16b6336ec72af2dd76c4b09b39c6cb,2.9533298015594482,0.03625798225402832,0.03222066909074783
WV4,WV,4,512,49,59,512,2ffb864d7680fe2f03e9c96a8ca13a1dcd9201d972b58055cdf1c54c016b3869,2a9d55bf974b6c85a74990d4db11f6f84941cdbd5670a5a770cf2dab7d82615f,2.692289352416992,0.02218461036682129,0.031331807374954224
WV4,WV,4,512,50,90,512,565645b7de1588ccca175836fbe0a3445769209c98d06526c129fb453a20df82,ad1fd58631acbdc8259bf9f683638e317ea451b3ad19c0dacc669cb05c5aaede,2.9176855087280273,0.03997159004211426,0.028606388717889786
WV4,WV,4,512,51,12,512,47020c49aa9953b482fafbade3c350c281f1d37768dfd620ed4ed22215dffc21,a8a469a68d7b569db199606d9811dbb31b560edf39ff7ac7743bfa1dd2422dae,2.6892924308776855,-0.005175113677978516,0.019861530512571335
WV4,WV,4,512,52,6,512,f6f428baca66fc8aa223e265fe167e8f3e66b33ee52ee27c5cfacd6988b6cffb,8fda12a3276f553c32781879a2907020a1b95b120a4008c5d047ee9404635781,2.205281972885132,0.0002987384796142578,0.04163322225213051
WV4,WV,4,512,53,98,512,612685c9a843162b260eb1a39ea04835df7f4205fda89d2ee9029057956c4a2c,577b2892864b4039ebacae0fd392d9f9265698e6e2c31b00c3020887b5487ac1,3.0887081623077393,0.006030082702636719,0.029969830065965652
WV4,WV,4,512,54,62,512,407e23a40d3b79a8ef1ed65739952a2967c01fb71f5ae80eca89f950966070c5,c87c89b138f647b50ea3517602b97c2017b3e81b8eb3f64e4fe71550705510ec,3.2615182399749756,-0.012108087539672852,0.02811281755566597
WV4,WV,4,512,55,106,512,476847f11f8a83faeb4e3bb899f53f96dc04ee45ec360473b86b6fef85c520ec,c2e2d40d2e76ab39489312b4815e565bf71bded2423c32063665c90306b8b484,2.6901233196258545,0.03908085823059082,0.018566126003861427
WV4,WV,4,512,56,48,512,683524ce59e2c3b9a90e4b6f80a2dc506837423066ee0069e0e9bd3a031cfcd3,c83d0c1969861d1c14c26919385156d653da6b82fe574ec002a483eb773a1a37,2.633214235305786,0.012878179550170898,0.03067776747047901
WV4,WV,4,512,57,57,512,d188307729885676d91094312beea8f9c6bdfe7b46d34ce19d3176b30f8d6721,8c56774c0912494f5718c16f24cadd18817d67ca61765ac7717e2f381efc69b1,2.5611963272094727,0.048671722412109375,0.03219233453273773
WV4,WV,4,512,58,89,512,7d37ebde45fe5a1327f7415b722a2152ba19239541b5b86171ad09110b88126b,583d6f94ff03af842635d512bee8f43a5e4536c5cd7db354fc202265110672f9,3.493457317352295,0.0679769515991211,0.034309856593608856
WV4,WV,4,512,59,85,512,f787ea5a78872e8cac0aacadf2135dc6f7970768214b8a724acb5141af243601,65bb6d6a06285ce23477dcd5ab9e9eb0cbc60019a59f3b7448f7618685b1fdd0,2.8021762371063232,0.030302762985229492,0.03106447122991085
WV4,WV,4,512,60,103,512,d68e8446d1f26fb4d13d7a806b96bea17f0630142bad0e74001b06c29ca2bd92,c2b4715ef6abbb41a35e1350e447684bb0d0dbd57d2fb9d9a3e6b9b7240d0a98,2.901806592941284,0.00024509429931640625,0.026385348290205002
WV4,WV,4,512,61,75,512,ca5268e69cb922f0dc43cf2131274a5f43fb65f8bcbbac618b4a43e9b99b0a85,2e8b2d3f0426eba924b4a98379eb92d2e64dc03bc9ecf594495fb9bef1510012,2.6169276237487793,0.052869319915771484,0.027187569066882133
WV4,WV,4,512,62,51,512,5b3a8d8d253edbd82b4e45c124e433b1f329522e7a41a910b62fc2e161722a08,eadf4728fbc642b26417a5d55a5b564a5ac77fb435a5a9b5e3b6c4c4c620f114,3.3178458213806152,0.08646392822265625,0.027241794392466545
WV4,WV,4,512,63,43,512,02aee5e343d97256d44fe0eb9c3f77668c53371f95c184e97dd53a610d530752,a10032c97181f82d2cdc3b9207991e6fae9b82c6ed45b476bbe0ea5cf36aab8e,3.821237564086914,0.04427146911621094,0.02823552116751671
WV4,WV,4,2048,0,68,2048,7fa3218d5c0877a221d93c331014b13f9b0269f66ee885045391d7f6925bc18b,8ef5a58d30706108e4424bc7fd5ead54afe73dcf5205e88fd588fe5e14ce67ba,2.535567045211792,0.05782938003540039,0.040359754115343094
WV4,WV,4,2048,1,100,2048,727c409a44db036aaf99d9825120b8c5475979820ff1880281ca6700d93e997c,790974994d1df4ee2511c0a11d2a4b63b3f94cbc857670ebc32bd86a120c13c3,2.49206280708313,0.03881716728210449,0.027506498619914055
WV4,WV,4,2048,2,76,2048,de5839302a1f8be2c62c604f2a574a4e959bf6b8903e83a6528c3e8615c4c71b,c10726a949d67a001e8537b229d682cb6f430e75a3868ab2eae32d9da26409f9,2.551365852355957,0.034204959869384766,0.02204498089849949
WV4,WV,4,2048,3,140,2048,5b5fbf9ed2f90d3b56310892d916c60c1590342ea5efacb9055505dca880067b,d5207eb0c712b5e67966701a30db2e91852ae6e21ce9c45201858637c2f46300,3.100515842437744,0.03354597091674805,0.024507367983460426
WV4,WV,4,2048,4,44,2048,e83fe1126ef11362ca2c510be3b9d801a80d2ba95739f3b5bfdc1c5bdc635f58,d74147700327ce101764c03fed40a4e9745f79d073ec2b8c2585e025a259eb33,3.1708462238311768,0.04499483108520508,0.028042936697602272
WV4,WV,4,2048,5,20,2048,7297e92a528f854e162bf26846df4827597b3fef35dc0f8f0d160c27e12b82c3,3692af9e0a10e0563d9321971b56df001f57667c95cf35add673d55ed7e23fa7,2.560323476791382,0.047675371170043945,0.02814876101911068
WV4,WV,4,2048,6,63,2048,8d664704323e367f28e3fd14b1876e6e79b849e0a92a52cb7ab13e1f007648bd,010e9d87cbe94cd96a9c80e5a3acdb481237f902e2804ea887c5699d00f93f28,3.2960240840911865,0.04342317581176758,0.03055456280708313
WV4,WV,4,2048,7,37,2048,43eb711a5f90c2da86caadb1f57a6d78e33dd772ea669a188885cf29a856c8a9,e94543186b5037fa285edb016058de7c6a1c24f0ec5d2694716bbc221f735ca8,2.112576723098755,0.06171894073486328,0.027192415669560432
WV4,WV,4,2048,8,142,2048,60f0636d47d2144bac213771617e6d26b641c621ca5598aa6f94d92f168e4440,961aeef219281deb3487d874ef56d4a1feeb09133cbb127c516026756b7d403d,2.8705337047576904,0.06001687049865723,0.032615289092063904
WV4,WV,4,2048,9,54,2048,f2d06d6fadbb94a6b9673c03f34c5702bc62868f6af9464c5fafaf71bb3a7452,f825257be6a05712af7879420152d60daed2ff0ae2a63a9fc03ed9511493c1f2,2.2803046703338623,0.06356430053710938,0.030451597645878792
WV4,WV,4,2048,10,64,2048,309614f012e5fce8093ce5bd71979c6769344662aea1ad23a758d80708177086,5a689a9bb73117e9c73743ba89fbb373d253f702ca903217581c61da3020d81a,2.4440107345581055,0.03987264633178711,0.029326586052775383
WV4,WV,4,2048,11,82,2048,86b2e0be9829fa6afb50279461e5110faf95d29913a0b230fb6cf8d31281b03a,6e77798e36b094b40ae44b70ba876c18c99fcacb76db84d01723e016f28d9933,2.1842427253723145,0.024865150451660156,0.022475676611065865
WV4,WV,4,2048,12,125,2048,0316e0ba92bc822a1de2775956f65f0c449bd8c94ec709d81a23aad83fd15618,214473bd123f552092a6e64a2a3621184d456c2f0d32d3655533ba4c0f6adfda,2.8497748374938965,0.048833608627319336,0.029089398682117462
WV4,WV,4,2048,13,25,2048,fb26dda67f40a157e5ce636f903062716d27e87ec6b75b77ae16773d4868ab89,b8c27a347ba7cd7ec1011c72802452816fdd20b467d1acf46668b8b7a5a2289e,2.802661418914795,0.03714251518249512,0.027613099664449692
WV4,WV,4,2048,14,87,2048,d26d8831d4c6979689eccc963c941dacc2bb0f37fcc3467d1cef84078b6e23b3,0e26ddd8753ff529d3768c603e1b0a8ad9517c33a7e2bc26e322019bc3e7508b,2.5277276039123535,0.01689743995666504,0.03421519324183464
WV4,WV,4,2048,15,18,2048,2ad8fea8eaecfc4553fbe62df1d5188f2ba449614bb15e7d1b2abbf345a06b25,94b444d9a3f586aa986876eb813ff24e32e2c4a560e2e6f9dece8e2df242a679,2.5181703567504883,0.045145511627197266,0.023190820589661598
WV4,WV,4,2048,16,141,2048,b7ab366b5b5a4f68aee22bbff6cfe4218a75efcc7c1b2ad2456e37b059101498,2be48fd263dbe7cefc17f7bdc88170c66cc1f4be1d216141a7a3ff6912f00b41,2.7085554599761963,0.0406496524810791,0.028633050620555878
WV4,WV,4,2048,17,130,2048,b62d53caadce94fd5ba6fa7cdfa65ed44699a81a82dca75cc95417b342a3c51e,a963b5699afebb47190fd1b00e793b97d22f8bde30db62ff5205aacff596f9ec,2.6759865283966064,0.09948563575744629,0.04314718022942543
WV4,WV,4,2048,18,133,2048,5797ba35b7ce0b63444139260cd65066076e06aa4b806b1d02e0c8a2b0102414,5a168b747e18c2198035a699c6733e1d2599eec07a962204e9fddc525219ed30,2.5537753105163574,0.03209972381591797,0.03055632673203945
WV4,WV,4,2048,19,33,2048,d20445cc193883501468e35adfada5878439f438af3dc6844777523111576558,6954d31dd34b120c9ab2b7833f74bd5922bc512f883bc47d94195e8780302755,2.5480778217315674,0.054575204849243164,0.025964900851249695
WV4,WV,4,2048,20,102,2048,57841b4586f83294fc5729b94566df9615b3b04974af798add7ae75c8b79f2d3,7724d043965d6163663a8328c72325922ec1f831eca6cf0624850025699e60d6,2.85569429397583,0.03916311264038086,0.02550148032605648
WV4,WV,4,2048,21,132,2048,ebe7817d56ad234df4deb7efb8e4a5fca5774e1b3cabc1dd0a0335618ec4961a,a959ae63e8fd1d94df13ae7ce75516b73ed0f39f5cae77994704057859fdec5f,2.5541017055511475,0.048002004623413086,0.02382223680615425
WV4,WV,4,2048,22,83,2048,0ff04edd0674d3d12caf3774f80e9155f7181b923be2ecc75eb6f9e9be756f41,618e93f2e58f4c7f136a5d1febacad4143402137b30c052b99b7179f437b5ebe,2.209195852279663,0.03726625442504883,0.025441056117415428
WV4,WV,4,2048,23,101,2048,810951661c56ef3c1b9b659222ae0bca609f1c07f8036b9e327293da15f371aa,bc0baafb97b97d691efb2a5ec641656058353eb19aef6689403796499044ce4d,2.6388185024261475,0.03812813758850098,0.032358262687921524
WV4,WV,4,2048,24,7,2048,41e06daa2a7e37533d6fffcf2661e9e0e6bdd80a8f8d18e54bc9be26a76a054a,7e99d981947b5f318bb42da217df580bdce04d5dc13ce96e8c17a147efa7463b,2.4288032054901123,0.03744006156921387,0.034243930131196976
WV4,WV,4,2048,25,21,2048,df7e33adad9e3ede3627d728d75a1108c18befe55c36441fbfb7c356ccec116b,4f6cad4813e36d69870a7b3002cb9b847600d8e78d5f8332bc9615891ec28902,2.907276153564453,0.026556015014648438,0.026245607063174248
WV4,WV,4,2048,26,74,2048,7cd1b0efcf370504101019d10b314309f11a37f0ead924f09da71f83a5c2c8d2,e5074e0575902b83a57eddcd2bc2ad2ad046a127acd8c395de488bf5a4166564,2.7059335708618164,0.05809164047241211,0.029057834297418594
WV4,WV,4,2048,27,97,2048,44b7b8544c5d1e2aa738d3bae9e35d03e35daafcf87431dfe3e5a2b3d77f89a0,e344c2edb60abad53141095e4f04ef9e8e97c76c5d09b77882cd28f45fdd897a,3.0974133014678955,0.06197381019592285,0.02847183495759964
WV4,WV,4,2048,28,93,2048,6eb56b8c416e857cc5bf5fffd1f31290a1b6b0d2ff1bc8a9b2f795ad6bffb602,1ca4b4b8f82c674774e1774730ba65bf017f8323e1452aebea426356f148c460,3.0413055419921875,0.04603219032287598,0.02821543626487255
WV4,WV,4,2048,29,45,2048,7907c4635e56710fea650a063d9df965f67dd0b53d4c180d3ce2eb5b79629e1c,e97f332366fcfa6a6614e78e696d91d8f8399eea6e198cb2de1f410d5e33dd20,2.97121262550354,0.021374940872192383,0.03593515232205391
WV4,WV,4,2048,30,38,2048,2aa9ba64e24973c9ea5870ab2b2addab92242167cd079c50d5a2768033bc7fa7,c316e7dc6a4bb8b433c5c0dfce05834ba4915f0b6a5ca205ab105146837c8b39,2.2026398181915283,0.045247793197631836,0.027772866189479828
WV4,WV,4,2048,31,115,2048,c1c45b89c803ab3ea9d5d8dfd237bfa4208784fb2750e3776a8a9b49fc4abef1,533a47d55446fcf666704ba8ed23852f8e4a1d41e5f806f050c597a7f8c50c7b,2.7790310382843018,0.011406183242797852,0.025588709861040115
WV4,WV,4,2048,32,8,2048,07e7acf1c60a54d81f6df25c939b3b21ed695fd2fb59caed81916f0c4f707356,bdeb930a4207b8ff5ff249d0f3ee6fcde3dc58085c4bbde6b433293cf0a61273,2.6788620948791504,0.05554962158203125,0.03291356563568115
WV4,WV,4,2048,33,116,2048,f959970dde811e8c8e5d861c0903e42b89f09c24b19135c8152fa01642bb81a2,0685a518770b23c4d3f80b498a001c334920e67e44d40a9150eda130137865b9,2.947445869445801,0.021778583526611328,0.025514977052807808
WV4,WV,4,2048,34,72,2048,f2c268e2e4089895cc36a0409f7f1f891887db3508bf22e9148a4b702f12a668,b0b619b31d20f2c29dbb766b917dbd86b8a50afb135e168b3734540ca9c9fb35,3.0407135486602783,0.05809950828552246,0.046747952699661255
WV4,WV,4,2048,35,120,2048,2a6a0c3843fb9876d3c15da81a5d7793ae4ef5a612471f58c6eee2b6bda5a500,780f6a0375f372d30edcd4c5a61f1bc4544aa4fc1b334e7f43aaa46236482054,2.829719066619873,0.050005435943603516,0.028506938368082047
WV4,WV,4,2048,36,49,2048,bbf015dc98d089a483ee657bb417b2f8df90908e49032f9ef4f09bfa44a6802a,18c916d13b82b14e38589a1d0c4835e4df2bb26eefb4bb07ccf03ef0be081bab,2.504026412963867,0.04498481750488281,0.03225027769804001
WV4,WV,4,2048,37,50,2048,4db36b854aa496a979993dae42abfa30d51669c4089495df01169bfd82246d33,351074286b5a34fa8adf99e04d3644cc163def76a9aae628478b069e5a32f044,2.8520638942718506,0.02272319793701172,0.027723796665668488
WV4,WV,4,2048,38,88,2048,6f66de84b84ada174908af403445d9b255009b390102e9dc9760b816611b66dd,49a7c93f0f2af5f780fffea7064d9d241e2509dced42c3abbd32a56e492ce2aa,2.8158180713653564,0.06563448905944824,0.029355425387620926
WV4,WV,4,2048,39,86,2048,f61d15167f8d4133ea214c6666aea81a11ca189ca4a51df3d7df4a9f32dbfc41,c5e210333fdce11cf0ffc53cbd016048c41ba65eea40da1ebf27e6289a545d74,2.464898109436035,0.04952096939086914,0.03234607353806496
WV4,WV,4,2048,40,69,2048,ecb1483dc2e18caffacf41f5e510aeeee70b01740c46e4d338fbff394cfa1e65,79231f9fedce47c9c1feb74a08316a3b500170a537fc2f2351a8f8a721821c13,2.706688165664673,0.06354284286499023,0.041115473955869675
WV4,WV,4,2048,41,96,2048,60c27b336ed6a8c18fcde80ee352f70080acee19cc854da8827c632921b61b5e,8c3e5ff1d60b7548fcd1a4f8c417514060ed9b659b7a5a575c14ef1925104cfd,2.9483397006988525,0.04212164878845215,0.030482495203614235
WV4,WV,4,2048,42,111,2048,054544cd89aed87b240dcb8f3350fd75fa66f9e7b310fa040ad62159998db107,13a648594c238852dd1b3abf875dd8bf4a1978c053d642bddd1692473a3e7152,2.4309117794036865,0.04318952560424805,0.02140759862959385
WV4,WV,4,2048,43,104,2048,194b0036f6eed8ac0679b3de5ab18e204fa3e36fe5703a2f511e81d630aaf9a3,064c0b4ec4484b608e9ebe64d56ee52bae7dec939a75c427cf6d456609ede927,2.7845828533172607,0.02849411964416504,0.025915786623954773
WV4,WV,4,2048,44,134,2048,6623021a970793613e7d29b9cfdb580ba70f8beeadf6f8022203685ee0d04d09,35a8240aced5f3342922bc29b4c3a0f2797fc85b5a25fdda70f322c4a98d814a,3.016444683074951,0.036626338958740234,0.024802885949611664
WV4,WV,4,2048,45,67,2048,5b7435eb8294094e094a8a5701b004aef2f50a4d5ff8da62df0d653d0d147c91,9f3d068bd2e1e4d34eb11f4d46868290394a0457735daae194d9535eeb8749f6,2.5383191108703613,0.06678318977355957,0.03228218853473663
WV4,WV,4,2048,46,52,2048,c42df66f179fec4bed6bc6ea75bb298576f34b33edb5192c11fbecd6ee5e2dbf,8efaca47c011af5cc3dbcc9976937b2db472b6883165a4b61b1c6d482177dd2e,2.4635937213897705,0.07346034049987793,0.03226758539676666
WV4,WV,4,2048,47,123,2048,2b2bc4354b0f7c5298df20248b65999583dc40b7b5d8913860b58d4f31a67d71,92ec347e73f2c28e990fe2c167de0f568f58956826ad0a2ae3285dff6b3f6549,2.354130268096924,0.08022689819335938,0.02344546839594841
WV4,WV,4,2048,48,10,2048,b75ad37e7d25a7dc1e7d9e7e93724b6215417732940da4816877f2402295aa1b,6b09c3f673f36dba501cbeb6fdaae7f5829b08b1355f8db9c3c876f6379e35f8,2.705409526824951,0.04965472221374512,0.02958080917596817
WV4,WV,4,2048,49,59,2048,795245b19899ac5ff529bac36cee69fad97689199431ad73acbed17d3dd720c0,d71ce66ffdcabc51b81db45c39f52e1e86cf9f8fe0444582f1fe9f503c045052,2.3305740356445312,0.05398750305175781,0.028828732669353485
WV4,WV,4,2048,50,90,2048,3eb8eb91c811f87efaeebe3e66e4f3897e5654c9e36a9d97d28cc38f7eaf90cf,30805a0e8a337cc57db7f2c0b50be3bcdf3272a1346162ff31b1ad6889f9fc52,2.921466112136841,0.07571935653686523,0.03230389952659607
WV4,WV,4,2048,51,12,2048,3924e212376afcce822167775e4b7f6df72bd9d7a50dbd64e80a7c03b1f66fbc,37708bd58546c27bdb9cae546b81e57dc5a2eb6d47df5a0378d7042c4fd7d517,2.5694916248321533,0.017448902130126953,0.022414112463593483
WV4,WV,4,2048,52,6,2048,c28653fc6962ad492ec2f12b1c4a8beb9b3c7bbb0e43bfde89118454817b1911,99d2ff942dee6e18b7310f08e0dd1b3be52ac486659065f315ab42c860f22c22,1.7854387760162354,0.014180183410644531,0.02964932471513748
WV4,WV,4,2048,53,98,2048,0261aee3ed953c97e4fb48910abf3791263f66ad55b9be4416d9fd65ab27ce53,8872cb58f2aa79bd2ac93fd12e7e93ece1e8d62f75e2fe6f9f5893b715a119f8,2.79411244392395,0.026636123657226562,0.029201257973909378
WV4,WV,4,2048,54,62,2048,393e78b9d9b51099691e9c74ab844641e556e1535efa0e4137f7df16f6818990,38a27596f5954c7e8e4657b0f7dc66de70bbdc8b52b646f83742fb167a054de9,2.8812954425811768,0.02956414222717285,0.02769619971513748
WV4,WV,4,2048,55,106,2048,b1f856d8e8c275e63f8a8288f5c8764488e7b3b158bcf40e8c2469cac18b1e6f,2c627def35cfa18f2ff5ab126f7c551da612364c88c94ca4778d21575f2d8793,2.8018205165863037,0.027197599411010742,0.02544233947992325
WV4,WV,4,2048,56,48,2048,111e846c1afc51b385724b25cae254b8fa61a0f8e149f7314fdd2755acadefea,9c6bcd41850d9733d86da30d8d6afa6340b6e9a1991c63775d86720057114be2,2.8191535472869873,0.01578497886657715,0.02761995419859886
WV4,WV,4,2048,57,57,2048,d96ff1c537de5b06937f53c52ab2118bbd5ffbbad5f65869e80aefc960096fa9,0533da760b7430289edcb0ecc4a5aba86300b061c241ea3a61a9a96321b53322,2.0622916221618652,0.0545809268951416,0.03335699439048767
WV4,WV,4,2048,58,89,2048,d1c1922e23951e32a5e86cbcef1277adfd4dc526531597871b17c992328ae3e2,3923c7bc803d17e21ed437c3f884591a3588622249807a36291c1f64acb51462,2.8109962940216064,0.04101395606994629,0.03126055747270584
WV4,WV,4,2048,59,85,2048,7a73577bcda1b69b229dffce519dcda80cdac6bf9b9ad5ae1fb4b14b72e68f5e,c018fdc598792ea0693ad2bbe112fa4244d58227c28c329804b8c6711091f300,2.5223586559295654,0.030270814895629883,0.026550592854619026
WV4,WV,4,2048,60,103,2048,012cc3d5a10bf9cf1283c429a3a0b4aac838a72e6ffc3199aebd05ab0544d2f8,411a89e73bb96f8e952c1fb17ae271fbbe727130554d2487fd271a065a06173b,2.603724956512451,0.02783966064453125,0.027932628989219666
WV4,WV,4,2048,61,75,2048,9efbf84514b0fea9bb09d35d2dab9bd35ee4ee605bf6d81e21644e0d1f5b9042,9c472be30a0fccbaf0328a5d699042a37a297300c41334ada29ad935df57fe2e,2.617509365081787,0.05605745315551758,0.026923952624201775
WV4,WV,4,2048,62,51,2048,d5e97c1df65c6b9fdc4bb3d7ed0fb43e9f6a51caf6d1f9c3c10d12391920ad93,826d4c2394fab556d93fc50aa12353ee5c1b8ba340cc2b5d90a4dfe6230a1d6a,2.5071322917938232,0.053917884826660156,0.023907197639346123
WV4,WV,4,2048,63,43,2048,696893d293ec00b6be32eb5fe72ef425b858014926f21e7427d652154ec51c69,23a5e80c7e804a71baa38866b1723d47ec9104973a14945bd678e436c315cb3f,3.369208574295044,0.04926729202270508,0.031031480059027672
